CREATE DATABASE  IF NOT EXISTS `r2ms` /*!40100 DEFAULT CHARACTER SET utf8 */;
USE `r2ms`;
-- MySQL dump 10.13  Distrib 5.6.13, for osx10.6 (i386)
--
-- Host: 127.0.0.1    Database: r2ms
-- ------------------------------------------------------
-- Server version	5.5.38

/*!40101 SET @OLD_CHARACTER_SET_CLIENT=@@CHARACTER_SET_CLIENT */;
/*!40101 SET @OLD_CHARACTER_SET_RESULTS=@@CHARACTER_SET_RESULTS */;
/*!40101 SET @OLD_COLLATION_CONNECTION=@@COLLATION_CONNECTION */;
/*!40101 SET NAMES utf8 */;
/*!40103 SET @OLD_TIME_ZONE=@@TIME_ZONE */;
/*!40103 SET TIME_ZONE='+00:00' */;
/*!40014 SET @OLD_UNIQUE_CHECKS=@@UNIQUE_CHECKS, UNIQUE_CHECKS=0 */;
/*!40014 SET @OLD_FOREIGN_KEY_CHECKS=@@FOREIGN_KEY_CHECKS, FOREIGN_KEY_CHECKS=0 */;
/*!40101 SET @OLD_SQL_MODE=@@SQL_MODE, SQL_MODE='NO_AUTO_VALUE_ON_ZERO' */;
/*!40111 SET @OLD_SQL_NOTES=@@SQL_NOTES, SQL_NOTES=0 */;

--
-- Table structure for table `CVSS_scoring`
--

DROP TABLE IF EXISTS `CVSS_scoring`;
/*!40101 SET @saved_cs_client     = @@character_set_client */;
/*!40101 SET character_set_client = utf8 */;
CREATE TABLE `CVSS_scoring` (
  `id` int(11) NOT NULL AUTO_INCREMENT,
  `metric_name` varchar(30) NOT NULL,
  `abrv_metric_name` varchar(3) NOT NULL,
  `metric_value` varchar(30) NOT NULL,
  `abrv_metric_value` varchar(3) NOT NULL,
  `numeric_value` float NOT NULL,
  PRIMARY KEY (`id`),
  UNIQUE KEY `id_UNIQUE` (`id`)
) ENGINE=InnoDB AUTO_INCREMENT=56 DEFAULT CHARSET=utf8;
/*!40101 SET character_set_client = @saved_cs_client */;

--
-- Dumping data for table `CVSS_scoring`
--

LOCK TABLES `CVSS_scoring` WRITE;
/*!40000 ALTER TABLE `CVSS_scoring` DISABLE KEYS */;
INSERT INTO `CVSS_scoring` VALUES (1,'AccessComplexity','AC','High','H',0.35),(2,'AccessComplexity','AC','Medium','M',0.61),(3,'AccessComplexity','AC','Low','L',0.71),(4,'AccessVector','AV','Local','L',0.395),(5,'AccessVector','AV','Adjacent Network','A',0.646),(6,'AccessVector','AV','Network','N',1),(7,'Authentication','Au','None','N',0.704),(8,'Authentication','Au','Single Instance','S',0.56),(9,'Authentication','Au','Multiple Instances','M',0.45),(10,'AvailabilityRequirement','AR','Undefined','ND',1),(11,'AvailabilityRequirement','AR','Low','L',0.5),(12,'AvailabilityRequirement','AR','Medium','M',1),(13,'AvailabilityRequirement','AR','High','H',1.51),(14,'AvailImpact','A','None','N',0),(15,'AvailImpact','A','Partial','P',0.275),(16,'AvailImpact','A','Complete','C',0.66),(17,'CollateralDamagePotential','CDP','Undefined','ND',0),(18,'CollateralDamagePotential','CDP','None','N',0),(19,'CollateralDamagePotential','CDP','Low (light loss)','L',0.1),(20,'CollateralDamagePotential','CDP','Low-Medium','LM',0.3),(21,'CollateralDamagePotential','CDP','Medium-High','MH',0.4),(22,'CollateralDamagePotential','CDP','High','H',0.5),(23,'ConfidentialityRequirement','CR','Undefined','ND',1),(24,'ConfidentialityRequirement','CR','Low','L',0.5),(25,'ConfidentialityRequirement','CR','Medium','M',1),(26,'ConfidentialityRequirement','CR','High','H',1.51),(27,'ConfImpact','C','None','N',0),(28,'ConfImpact','C','Partial','P',0.275),(29,'ConfImpact','C','Complete','C',0.66),(30,'Exploitability','E','Undefined','ND',1),(31,'Exploitability','E','Unproven that exploit exists','U',0.85),(32,'Exploitability','E','Proof of concept code','POC',0.9),(33,'Exploitability','E','Functional exploit exists','F',0.95),(34,'Exploitability','E','Widespread','H',1),(35,'IntegImpact','I','None','N',0),(36,'IntegImpact','I','Partial','P',0.275),(37,'IntegImpact','I','Complete','C',0.66),(38,'IntegrityRequirement','IR','Undefined','ND',1),(39,'IntegrityRequirement','IR','Low','L',0.5),(40,'IntegrityRequirement','IR','Medium','M',1),(41,'IntegrityRequirement','IR','High','H',1.51),(42,'RemediationLevel','RL','Undefined','ND',1),(43,'RemediationLevel','RL','Official fix','OF',0.87),(44,'RemediationLevel','RL','Temporary fix','TF',0.9),(45,'RemediationLevel','RL','Workaround','W',0.95),(46,'RemediationLevel','RL','Unavailable','U',1),(47,'ReportConfidence','RC','Undefined','ND',1),(48,'ReportConfidence','RC','Unconfirmed','UC',0.9),(49,'ReportConfidence','RC','Uncorroborated','UR',0.95),(50,'ReportConfidence','RC','Confirmed','C',1),(51,'TargetDistribution','TD','Undefined','ND',1),(52,'TargetDistribution','TD','None (0%)','N',0),(53,'TargetDistribution','TD','Low (0-25%)','L',0.25),(54,'TargetDistribution','TD','Medium (26-75%)','M',0.75),(55,'TargetDistribution','TD','High (76-100%)','H',1);
/*!40000 ALTER TABLE `CVSS_scoring` ENABLE KEYS */;
UNLOCK TABLES;

--
-- Table structure for table `audit_log`
--

DROP TABLE IF EXISTS `audit_log`;
/*!40101 SET @saved_cs_client     = @@character_set_client */;
/*!40101 SET character_set_client = utf8 */;
CREATE TABLE `audit_log` (
  `timestamp` timestamp NOT NULL DEFAULT CURRENT_TIMESTAMP ON UPDATE CURRENT_TIMESTAMP,
  `risk_id` int(11) NOT NULL,
  `user_id` int(11) NOT NULL,
  `message` text NOT NULL
) ENGINE=InnoDB DEFAULT CHARSET=utf8;
/*!40101 SET character_set_client = @saved_cs_client */;

--
-- Dumping data for table `audit_log`
--

LOCK TABLES `audit_log` WRITE;
/*!40000 ALTER TABLE `audit_log` DISABLE KEYS */;
INSERT INTO `audit_log` VALUES ('2014-05-14 02:45:05',0,1,'Username \"admin\" logged in successfully.'),('2014-05-14 02:45:15',0,1,'Username \"admin\" logged in successfully.'),('2014-05-14 05:27:24',0,1,'Username \"admin\" logged out successfully.'),('2014-05-19 07:02:46',0,1,'Username \"admin\" logged in successfully.'),('2014-05-20 00:13:44',0,1,'Username \"admin\" logged in successfully.'),('2014-05-20 00:37:39',0,1,'Risk level scoring was modified by the \"admin\" user.'),('2014-05-20 00:37:39',0,1,'The risk formula was modified by the \"admin\" user.'),('2014-05-20 00:38:19',0,1,'Risk level scoring was modified by the \"admin\" user.'),('2014-05-20 00:38:19',0,1,'The risk formula was modified by the \"admin\" user.'),('2014-05-20 02:36:11',0,1,'Risk level scoring was modified by the \"admin\" user.'),('2014-05-20 02:36:11',0,1,'The risk formula was modified by the \"admin\" user.'),('2014-05-20 02:36:27',0,1,'Risk level scoring was modified by the \"admin\" user.'),('2014-05-20 02:36:27',0,1,'The risk formula was modified by the \"admin\" user.'),('2014-05-20 02:37:02',0,1,'Risk level scoring was modified by the \"admin\" user.'),('2014-05-20 02:37:02',0,1,'The risk formula was modified by the \"admin\" user.'),('2014-05-20 02:37:11',0,1,'Risk level scoring was modified by the \"admin\" user.'),('2014-05-20 02:37:11',0,1,'The risk formula was modified by the \"admin\" user.'),('2014-05-20 04:40:46',0,1,'Username \"admin\" logged in successfully.'),('2014-05-20 04:40:54',0,1,'Risk level scoring was modified by the \"admin\" user.'),('2014-05-20 04:40:54',0,1,'The risk formula was modified by the \"admin\" user.'),('2014-05-20 06:00:00',0,1,'Risk level scoring was modified by the \"admin\" user.'),('2014-05-20 06:00:18',0,1,'Risk level scoring was modified by the \"admin\" user.'),('2014-05-20 06:03:05',0,1,'Risk level scoring was modified by the \"admin\" user.'),('2014-05-20 06:03:57',0,1,'Risk level scoring was modified by the \"admin\" user.'),('2014-05-20 06:28:55',0,1,'Risk level scoring was modified by the \"admin\" user.'),('2014-05-20 06:28:55',0,1,'The risk formula was modified by the \"admin\" user.'),('2014-05-20 06:28:58',0,1,'Risk level scoring was modified by the \"admin\" user.'),('2014-05-20 06:28:58',0,1,'The risk formula was modified by the \"admin\" user.'),('2014-05-20 07:05:51',0,1,'Risk level scoring was modified by the \"admin\" user.'),('2014-05-20 07:05:51',0,1,'The risk formula was modified by the \"admin\" user.'),('2014-05-20 07:19:13',0,1,'Risk level scoring was modified by the \"admin\" user.'),('2014-05-20 07:19:13',0,1,'The risk formula was modified by the \"admin\" user.'),('2014-05-20 23:28:50',0,1,'Username \"admin\" logged in successfully.'),('2014-05-21 00:06:50',0,1,'The review settings were modified by the \"admin\" user.'),('2014-05-21 00:07:12',0,1,'The review settings were modified by the \"admin\" user.'),('2014-05-21 00:07:34',0,1,'The review settings were modified by the \"admin\" user.'),('2014-05-21 00:34:41',0,1,'A new user was added by the \"admin\" user.'),('2014-05-21 00:39:07',0,1,'A new team was added by the \"admin\" user.'),('2014-05-21 00:39:18',0,1,'A new team was added by the \"admin\" user.'),('2014-05-21 00:50:10',0,1,'A new category was added by the \"admin\" user.'),('2014-05-21 00:50:17',0,1,'A new category was added by the \"admin\" user.'),('2014-05-21 00:50:47',0,1,'A new category was added by the \"admin\" user.'),('2014-05-21 00:51:31',0,1,'A new category was added by the \"admin\" user.'),('2014-05-21 00:51:43',0,1,'A new category was added by the \"admin\" user.'),('2014-05-21 00:52:02',0,1,'A new category was added by the \"admin\" user.'),('2014-05-21 00:52:09',0,1,'An existing category was removed by the \"admin\" user.'),('2014-05-21 00:52:30',0,1,'A new category was added by the \"admin\" user.'),('2014-05-21 05:44:41',0,1,'Username \"admin\" logged in successfully.'),('2014-05-21 05:58:43',0,1,'A new type of user was added by the \"admin\" user.'),('2014-05-21 05:58:49',0,1,'An existing type of user was removed by the \"admin\" user.'),('2014-05-21 06:12:58',0,1,'A new user was added by the \"admin\" user.'),('2014-05-21 06:21:00',0,1,'An existing user was deleted by the \"admin\" user.'),('2014-05-21 06:21:50',0,1,'A new user was added by the \"admin\" user.'),('2014-05-21 06:24:59',0,1,'An existing user was deleted by the \"admin\" user.'),('2014-05-21 06:28:38',0,1,'A new user was added by the \"admin\" user.'),('2014-05-21 06:29:26',0,1,'Username \"admin\" logged out successfully.'),('2014-05-21 06:30:44',0,1,'Username \"admin\" logged in successfully.'),('2014-05-21 06:30:48',0,1,'Username \"admin\" logged out successfully.'),('2014-05-21 06:36:29',0,5,'Username \"david\" logged in successfully.'),('2014-05-21 06:36:45',0,5,'Username \"david\" logged out successfully.'),('2014-05-21 06:37:12',0,1,'Username \"admin\" logged in successfully.'),('2014-05-21 07:14:18',0,1,'A new category was added by the \"admin\" user.'),('2014-05-21 07:14:31',0,1,'A new category was added by the \"admin\" user.'),('2014-05-21 07:15:15',0,1,'A new category was added by the \"admin\" user.'),('2014-05-22 04:20:20',0,1,'Username \"admin\" logged in successfully.'),('2014-07-09 04:31:15',0,1,'Username \"admin\" logged in successfully.'),('2014-07-09 04:34:05',0,1,'Username \"admin\" logged out successfully.'),('2014-07-09 04:34:30',0,1,'Username \"admin\" logged in successfully.'),('2014-07-09 04:37:13',0,1,'A new technology was added by the \"admin\" user.'),('2014-07-09 04:37:26',0,1,'A new technology was added by the \"admin\" user.'),('2014-07-09 04:37:36',0,1,'A new technology was added by the \"admin\" user.'),('2014-07-09 07:29:46',0,1,'Error inserting new company \"admin\" user.'),('2014-07-09 07:35:50',0,1,'Error inserting new company \"admin\" user.'),('2014-07-09 07:35:55',0,1,'Error inserting new company \"admin\" user.'),('2014-07-09 07:36:35',0,1,'Error inserting new company \"admin\" user.'),('2014-07-09 07:36:52',0,1,'Error inserting new company \"admin\" user.'),('2014-07-09 07:37:24',0,1,'Error inserting new company \"admin\" user.'),('2014-07-09 07:38:49',0,1,'A new company was added by the \"admin\" user.'),('2014-07-09 08:42:29',0,1,'Error modifying a company \"admin\" user.'),('2014-07-09 08:48:21',0,1,'An existing company was modified by the \"admin\" user.'),('2014-07-09 08:48:33',0,1,'An existing company was modified by the \"admin\" user.'),('2014-07-10 00:04:57',0,1,'Username \"admin\" logged in successfully.'),('2014-07-10 00:07:23',0,1,'Error modifying a company \"admin\" user.'),('2014-07-10 00:07:30',0,1,'An existing company was modified by the \"admin\" user.'),('2014-07-10 00:07:45',0,1,'An existing company was modified by the \"admin\" user.'),('2014-07-10 00:07:57',0,1,'An existing company was modified by the \"admin\" user.'),('2014-07-10 00:11:32',0,1,'An existing company was modified by the \"admin\" user.'),('2014-07-10 00:11:37',0,1,'Error modifying a company \"admin\" user.'),('2014-07-10 00:11:40',0,1,'An existing company was modified by the \"admin\" user.'),('2014-07-10 00:21:41',0,1,'An existing team was removed by the \"admin\" user.'),('2014-07-10 00:21:49',0,1,'A new team was added by the \"admin\" user.'),('2014-07-10 00:22:11',0,1,'An existing team was removed by the \"admin\" user.'),('2014-07-10 00:22:20',0,1,'A new team was added by the \"admin\" user.'),('2014-07-10 00:23:04',0,1,'A new team was added by the \"admin\" user.'),('2014-07-10 01:05:33',0,1,'A new company was added by the \"admin\" user.'),('2014-07-10 01:09:27',0,1,'A new user was added by the \"admin\" user.'),('2014-07-10 02:04:33',0,1,'An existing user was modified by the \"admin\" user.'),('2014-07-10 02:20:03',0,1,'A new user was added by the \"admin\" user.'),('2014-07-10 02:36:15',0,1,'Alert!! Trying to add a new project with non existing company by the \"admin\" user.'),('2014-07-10 02:37:19',0,1,'Alert!! Trying to add a new project with non existing company by the \"admin\" user.'),('2014-07-10 02:41:28',0,1,'A new project was added by the \"admin\" user.'),('2014-07-10 03:52:54',0,1,'Username \"admin\" logged in successfully.'),('2014-07-10 05:32:43',0,1,'An AJAX request to get projects from company fail by the \"admin\" user.'),('2014-07-10 05:34:05',0,1,'An AJAX request to get projects from company fail by the \"admin\" user.'),('2014-07-10 06:49:56',0,1,'An existing project was deleted by the \"admin\" user.'),('2014-07-10 06:50:21',0,1,'A new project was added by the \"admin\" user.'),('2014-07-10 06:50:31',0,1,'A new project was added by the \"admin\" user.'),('2014-07-11 01:10:10',0,1,'Username \"admin\" logged in successfully.'),('2014-07-11 05:31:56',0,1,'Username \"admin\" logged in successfully.'),('2014-07-11 05:52:21',0,1,'Alert!! Trying to add a client from a company fail by the \"admin\" user.'),('2014-07-11 05:52:32',0,1,'Alert!! Trying to add a client from a company fail by the \"admin\" user.'),('2014-07-11 05:53:58',0,1,'Alert!! Trying to add a client from a company fail by the \"admin\" user.'),('2014-07-11 05:58:53',0,1,'Alert!! Trying to add a client from a company fail by the \"admin\" user.'),('2014-07-11 06:06:20',0,1,'Alert!! Trying to add a client from a company fail by the \"admin\" user.'),('2014-07-11 06:07:27',0,1,'Alert!! Trying to add a client from a company fail by the \"admin\" user.'),('2014-07-11 06:07:38',0,1,'Alert!! Trying to add a client from a company fail by the \"admin\" user.'),('2014-07-11 06:11:15',0,1,'An existing project was associated to the client/s by the \"admin\" user.'),('2014-11-04 21:31:07',0,1,'Username \"admin\" logged in successfully.'),('2014-11-05 20:34:02',0,1,'Username \"admin\" logged in successfully.'),('2014-11-05 20:36:42',0,1,'A new category was added by the \"admin\" user.'),('2014-11-05 21:06:22',0,1,'A new project was added by the \"admin\" user.'),('2014-11-05 21:19:39',0,1,'An existing project was associated to the client/s by the \"admin\" user.'),('2014-11-05 22:02:35',0,1,'Username \"admin\" logged out successfully.'),('2014-11-05 22:03:39',0,1,'Username \"admin\" logged in successfully.'),('2014-11-05 22:03:51',0,1,'An existing project is able to be found in order to show the require mitigation planning by the \"admin\" user.'),('2014-11-05 22:08:27',0,1,'An existing category was removed by the \"admin\" user.'),('2014-11-05 22:08:46',0,1,'A new category was added by the \"admin\" user.'),('2014-11-05 22:42:10',0,1,'Username \"admin\" logged out successfully.'),('2014-11-06 21:03:12',0,1,'Username \"admin\" logged in successfully.'),('2014-11-06 21:07:33',0,1,'A new project was added by the \"admin\" user.'),('2014-11-09 20:37:04',0,1,'Username \"admin\" logged in successfully.'),('2014-11-09 21:46:07',0,1,'An AJAX request to get version from projects fail by the \"admin\" user.'),('2014-11-09 22:23:44',0,1,'A new version of an existent project was added by the \"admin\" user.'),('2014-11-11 21:03:10',0,1,'Username \"admin\" logged in successfully.'),('2014-11-11 21:08:26',0,1,'Alert!! Trying to add a new project with non existing company by the \"admin\" user.'),('2014-11-11 21:12:49',0,1,'Alert!! Trying to add a new project with non existing company by the \"admin\" user.'),('2014-11-11 22:02:00',0,1,'A version of one project was deleted by the \"admin\" user.'),('2014-11-11 22:05:34',0,1,'A new version of an existent project was added by the \"admin\" user.'),('2014-11-12 20:34:42',0,1,'Username \"admin\" logged in successfully.'),('2014-11-12 21:42:42',0,1,'Username \"admin\" logged in successfully.'),('2014-11-12 22:24:09',0,1,'An AJAX request to get the mitigation plannning  fail by the \"admin\" user.'),('2014-11-12 23:55:49',-1000,1,'A new standard risk ID \"\" was submitted  by username \"admin\".'),('2014-11-12 23:57:46',-998,1,'A new standard risk ID \"2\" was submitted  by username \"admin\".'),('2014-11-13 02:31:27',0,1,'Username \"admin\" logged in successfully.'),('2014-11-13 02:31:50',0,1,'An existing user was modified by the \"admin\" user.'),('2014-11-13 02:32:40',0,1,'An existing user was modified by the \"admin\" user.'),('2014-11-13 02:46:07',0,1,'An existing risk storage template was modified by the \"admin\" user.'),('2014-11-13 02:46:18',0,1,'An existing risk storage template was modified by the \"admin\" user.'),('2014-11-13 02:46:27',0,1,'An existing risk storage template was modified by the \"admin\" user.'),('2014-11-13 02:46:37',0,1,'An existing risk storage template was modified by the \"admin\" user.'),('2014-11-13 02:46:42',0,1,'An existing risk storage template was modified by the \"admin\" user.'),('2014-11-13 02:50:57',0,1,'An AJAX request to get The Risks Opened and Closed over time chart  fail by the \"admin\" user.'),('2014-11-13 02:51:14',0,1,'An AJAX request to get the mitigation plannning  fail by the \"admin\" user.'),('2014-11-13 02:51:24',0,1,'An AJAX request to get The Risks Opened and Closed over time chart  fail by the \"admin\" user.'),('2014-11-13 20:46:31',0,1,'Username \"admin\" logged in successfully.'),('2014-11-13 20:55:37',0,1,'An AJAX request to get the mitigation plannning  fail by the \"admin\" user.'),('2014-11-13 21:06:36',0,1,'An existing risk template template was modified by the \"admin\" user.'),('2014-11-13 21:06:48',0,1,'An existing risk template template was modified by the \"admin\" user.'),('2014-11-13 21:17:53',-997,1,'A new risk template ID \"3\" was submitted  by username \"admin\".'),('2014-11-13 23:14:53',1,1,'A new risk ID \"1001\" was submitted by username \"admin\".'),('2014-11-13 23:15:15',0,1,'An AJAX request to get the mitigation plannning  fail by the \"admin\" user.'),('2014-11-13 23:15:19',0,1,'An AJAX request to get the mitigation plannning  fail by the \"admin\" user.'),('2014-11-13 23:15:25',0,1,'An AJAX request to get the mitigation plannning  fail by the \"admin\" user.'),('2014-11-13 23:15:27',0,1,'An AJAX request to get the mitigation plannning  fail by the \"admin\" user.'),('2014-11-13 23:24:12',2,1,'A new risk ID \"1002\" was submitted by username \"admin\".'),('2014-11-13 23:26:38',0,1,'An AJAX request to get the mitigation plannning  fail by the \"admin\" user.'),('2014-11-13 23:27:02',0,1,'An AJAX request to get the mitigation plannning  fail by the \"admin\" user.'),('2014-11-14 00:09:37',0,1,'An existing version project is able to be found in order to show the require mitigation planning by the \"admin\" user.'),('2014-11-14 00:10:47',0,1,'An AJAX request to get the mitigation plannning  fail by the \"admin\" user.'),('2014-11-14 00:17:38',0,1,'An existing version project is able to be found in order to show the require management review by the \"admin\" user.'),('2014-11-14 00:20:15',0,1,'An existing version project is able to be found in order to show the require management review by the \"admin\" user.'),('2014-11-14 00:20:20',0,1,'An existing version project is able to be found in order to show the require mitigation planning by the \"admin\" user.'),('2014-11-14 00:20:27',0,1,'An AJAX request to get the mitigation plannning  fail by the \"admin\" user.'),('2014-11-14 00:28:35',0,1,'An existing project is able to be found in order to show the require mitigation planning by the \"admin\" user.'),('2014-11-14 00:29:25',0,1,'An existing project is able to be found in order to show the require mitigation planning by the \"admin\" user.'),('2014-11-14 00:29:27',0,1,'An existing project is able to be found in order to show the require mitigation planning by the \"admin\" user.'),('2014-11-14 00:32:38',0,1,'An AJAX request to get The Risks Opened and Closed over time chart  fail by the \"admin\" user.'),('2014-11-14 00:32:53',0,1,'An AJAX request to get the mitigation plannning  fail by the \"admin\" user.'),('2014-11-14 00:32:59',0,1,'An AJAX request to get the mitigation plannning  fail by the \"admin\" user.'),('2014-11-16 20:42:01',0,1,'Username \"admin\" logged in successfully.'),('2014-11-16 20:42:39',0,1,'An AJAX request to get The Risks Opened and Closed over time chart  fail by the \"admin\" user.'),('2014-11-16 20:44:19',0,1,'An existing project is able to be found in order to show the required dashboard by the \"admin\" user.'),('2014-11-16 20:44:22',0,1,'An existing project is able to be found in order to show the required dashboard by the \"admin\" user.'),('2014-11-16 20:44:25',0,1,'An existing project is able to be found in order to show the required dashboard by the \"admin\" user.'),('2014-11-16 20:45:15',0,1,'An existing version project is able to be found in order to show the require mitigation planning by the \"admin\" user.'),('2014-11-16 20:55:54',0,1,'An existing version project is able to be found in order to show the require mitigation planning by the \"admin\" user.'),('2014-11-16 22:14:31',2,1,'Scoring method was changed for risk ID \"1002\" by username \"admin\".'),('2014-11-16 22:14:51',2,1,'Scoring method was changed for risk ID \"1002\" by username \"admin\".'),('2014-11-16 22:15:35',2,1,'Scoring method was changed for risk ID \"1002\" by username \"admin\".'),('2014-11-16 22:41:25',0,1,'Username \"admin\" logged out successfully.'),('2014-11-17 20:49:58',0,1,'Username \"admin\" logged in successfully.'),('2014-11-17 20:56:22',0,1,'An existing version project is able to be found in order to show the require mitigation planning by the \"admin\" user.'),('2014-11-17 21:00:09',2,1,'Scoring method was changed for risk ID \"1002\" by username \"admin\".'),('2014-11-17 21:00:19',2,1,'Scoring method was changed for risk ID \"1002\" by username \"admin\".'),('2014-11-17 21:01:59',2,1,'Scoring method was changed for risk ID \"1002\" by username \"admin\".'),('2014-11-17 21:10:09',2,1,'Scoring method was changed for risk ID \"1002\" by username \"admin\".'),('2014-11-17 21:13:32',2,1,'Scoring method was changed for risk ID \"1002\" by username \"admin\".'),('2014-11-17 21:14:01',2,1,'Risk scoring for risk ID \"1002\" was updated by username \"admin\".'),('2014-11-17 21:14:01',2,1,'Scoring method was changed for risk ID \"1002\" by username \"admin\".'),('2014-11-17 21:14:11',2,1,'Risk scoring for risk ID \"1002\" was updated by username \"admin\".'),('2014-11-17 21:14:11',2,1,'Scoring method was changed for risk ID \"1002\" by username \"admin\".'),('2014-11-17 21:14:28',2,1,'Scoring method was changed for risk ID \"1002\" by username \"admin\".'),('2014-11-17 21:38:25',0,1,'An existing version project is able to be found in order to show the require management review by the \"admin\" user.'),('2014-11-17 21:38:27',0,1,'An existing version project is able to be found in order to show the require management review by the \"admin\" user.'),('2014-11-17 21:56:29',2,1,'Risk details were updated for risk ID \"1002\" by username \"admin\".'),('2014-11-17 22:01:24',2,1,'Risk details were updated for risk ID \"1002\" by username \"admin\".'),('2014-11-17 22:01:38',2,1,'Risk details were updated for risk ID \"1002\" by username \"admin\".'),('2014-11-17 22:02:12',2,1,'Risk details were updated for risk ID \"1002\" by username \"admin\".'),('2014-11-17 22:02:23',2,1,'Risk details were updated for risk ID \"1002\" by username \"admin\".'),('2014-11-17 22:02:46',2,1,'Risk details were updated for risk ID \"1002\" by username \"admin\".'),('2014-11-17 22:03:47',2,1,'Risk details were updated for risk ID \"1002\" by username \"admin\".'),('2014-11-17 22:36:50',0,1,'An existing version project is able to be found in order to show the require mitigation planning by the \"admin\" user.'),('2014-11-17 22:38:28',2,1,'A mitigation was submitted for risk ID \"1002\" by username \"admin\".'),('2014-11-17 22:38:37',0,1,'An existing version project is able to be found in order to show the require mitigation planning by the \"admin\" user.'),('2014-11-17 22:38:49',0,1,'An existing version project is able to be found in order to show the require mitigation planning by the \"admin\" user.'),('2014-11-17 22:38:54',0,1,'An existing version project is able to be found in order to show the require management review by the \"admin\" user.'),('2014-11-17 22:39:20',0,1,'An existing version project is able to be found in order to show the require management review by the \"admin\" user.'),('2014-11-17 22:40:46',0,1,'An existing version project is able to be found in order to show the require management review by the \"admin\" user.'),('2014-11-17 22:41:35',2,1,'A management review was submitted for risk ID \"1002\" by username \"admin\".'),('2014-11-17 22:41:40',0,1,'An existing version project is able to be found in order to show the require management review by the \"admin\" user.'),('2014-11-17 22:41:55',0,1,'An existing version project is able to be found in order to show the require mitigation planning by the \"admin\" user.'),('2014-11-17 22:43:07',2,1,'A comment was added to risk ID \"1002\" by username \"admin\".'),('2014-11-17 22:44:40',2,1,'A comment was added to risk ID \"1002\" by username \"admin\".'),('2014-11-17 22:59:27',0,1,'An existing version project is able to be found in order to show the require mitigation planning by the \"admin\" user.'),('2014-11-17 23:00:04',0,1,'An existing project is able to be found in order to show the required dashboard by the \"admin\" user.'),('2014-11-17 23:00:22',0,1,'An AJAX request to get the mitigation plannning  fail by the \"admin\" user.'),('2014-11-17 23:00:39',0,1,'An AJAX request to get the mitigation plannning  fail by the \"admin\" user.'),('2014-11-17 23:00:46',0,1,'An AJAX request to get the mitigation plannning  fail by the \"admin\" user.'),('2014-11-17 23:00:52',0,1,'An AJAX request to get the mitigation plannning  fail by the \"admin\" user.'),('2014-11-17 23:01:05',0,1,'An AJAX request to get the mitigation plannning  fail by the \"admin\" user.'),('2014-11-17 23:03:52',0,1,'An AJAX request to get The Risks Opened and Closed over time chart  fail by the \"admin\" user.'),('2014-11-17 23:12:34',0,1,'An AJAX request to get the trend of the risks for a specific project fails by the \"admin\" user.'),('2014-11-17 23:12:57',0,1,'An AJAX request to get the trend of the risks for a specific project fails by the \"admin\" user.'),('2014-11-17 23:22:54',0,1,'An existing project is able to be found in order to show the trend of the risks presented in the requested project \"admin\" user.'),('2014-11-17 23:30:13',0,1,'An existing project is able to be found in order to show the require mitigation planning by the \"admin\" user.'),('2014-11-17 23:30:22',0,1,'An AJAX request to get the mitigation plannning  fail by the \"admin\" user.'),('2014-11-17 23:30:59',0,1,'An existing project is able to be found in order to show the require mitigation planning by the \"admin\" user.'),('2014-11-17 23:31:31',0,1,'An existing project is able to be found in order to show the require mitigation planning by the \"admin\" user.'),('2014-11-17 23:32:02',0,1,'An existing project is able to be found in order to show the require mitigation planning by the \"admin\" user.'),('2014-11-17 23:32:08',0,1,'An existing project is able to be found in order to show the require mitigation planning by the \"admin\" user.'),('2014-11-17 23:35:12',0,1,'An existing project is able to be found in order to show the require mitigation planning by the \"admin\" user.'),('2014-11-17 23:40:33',0,1,'An existing project is able to be found in order to show the require mitigation planning by the \"admin\" user.'),('2014-11-17 23:41:21',0,1,'An existing project is able to be found in order to show the require mitigation planning by the \"admin\" user.'),('2014-11-17 23:43:30',0,1,'An existing project is able to be found in order to show the require mitigation planning by the \"admin\" user.'),('2014-11-17 23:47:34',0,1,'An existing project is able to be found in order to show the require mitigation planning by the \"admin\" user.'),('2014-11-17 23:48:12',0,1,'An existing project is able to be found in order to show the require mitigation planning by the \"admin\" user.'),('2014-11-17 23:48:35',0,1,'An existing project is able to be found in order to show the require mitigation planning by the \"admin\" user.'),('2014-11-17 23:51:52',0,1,'An AJAX request to get the mitigation plannning  fail by the \"admin\" user.'),('2014-11-17 23:58:12',0,1,'Username \"admin\" logged out successfully.'),('2014-11-18 20:47:28',0,1,'Username \"admin\" logged in successfully.'),('2014-11-18 21:05:20',0,1,'An existing project is able to be found in order to show the require mitigation planning by the \"admin\" user.'),('2014-11-18 21:06:17',0,1,'An existing project is able to be found in order to show the require mitigation planning by the \"admin\" user.'),('2014-11-18 21:07:36',0,1,'An existing project is able to be found in order to show the require mitigation planning by the \"admin\" user.'),('2014-11-18 21:09:05',0,1,'An existing project is able to be found in order to show the require mitigation planning by the \"admin\" user.'),('2014-11-18 21:27:07',0,1,'An existing project is able to be found in order to show the require mitigation planning by the \"admin\" user.'),('2014-11-18 21:37:41',0,1,'An existing project is able to be found in order to show the require mitigation planning by the \"admin\" user.'),('2014-11-18 21:40:32',0,1,'An existing project is able to be found in order to show the require mitigation planning by the \"admin\" user.'),('2014-11-18 21:41:35',0,1,'An existing project is able to be found in order to show the require mitigation planning by the \"admin\" user.'),('2014-11-18 21:43:06',0,1,'An existing project is able to be found in order to show the require mitigation planning by the \"admin\" user.'),('2014-11-18 21:44:11',0,1,'An existing project is able to be found in order to show the require mitigation planning by the \"admin\" user.'),('2014-11-18 21:44:28',0,1,'An existing project is able to be found in order to show the require mitigation planning by the \"admin\" user.'),('2014-11-18 21:44:37',0,1,'An existing project is able to be found in order to show the require mitigation planning by the \"admin\" user.'),('2014-11-19 20:35:15',0,1,'Username \"admin\" logged in successfully.'),('2014-11-20 21:00:49',0,1,'Username \"admin\" logged in successfully.'),('2014-11-20 21:50:56',0,1,'An existing project is able to be found in order to show the trend of the risks presented in the requested project \"admin\" user.'),('2014-11-20 21:51:04',0,1,'An existing project is able to be found in order to show the require mitigation planning by the \"admin\" user.'),('2014-11-20 21:51:28',0,1,'An existing risk template template was modified by the \"admin\" user.'),('2014-11-20 21:58:42',0,1,'An AJAX request to get risk templates fail by the \"admin\" user.'),('2014-11-20 22:02:58',0,1,'An existing project is able to be found in order to show the required dashboard by the \"admin\" user.'),('2014-11-20 22:03:15',0,1,'An existing project is able to be found in order to show the trend of the risks presented in the requested project \"admin\" user.'),('2014-11-20 22:42:06',0,1,'Username \"admin\" logged out successfully.'),('2014-11-20 22:59:26',0,1,'Username \"admin\" logged in successfully.'),('2014-11-20 22:59:43',0,1,'An existing project is able to be found in order to show the required dashboard by the \"admin\" user.'),('2014-11-20 22:59:55',0,1,'An existing project is able to be found in order to show the trend of the risks presented in the requested project \"admin\" user.'),('2014-11-20 23:00:31',0,1,'An existing version project is able to be found in order to show the require management review by the \"admin\" user.'),('2014-11-20 23:00:53',0,1,'An existing project is able to be found in order to show the require mitigation planning by the \"admin\" user.'),('2014-11-20 23:01:21',0,1,'An existing project is able to be found in order to show the require mitigation planning by the \"admin\" user.'),('2014-11-20 23:01:31',0,1,'An existing project is able to be found in order to show the require mitigation planning by the \"admin\" user.'),('2014-11-20 23:01:34',0,1,'An existing project is able to be found in order to show the require mitigation planning by the \"admin\" user.'),('2014-11-20 23:01:41',0,1,'An existing project is able to be found in order to show the require mitigation planning by the \"admin\" user.'),('2014-11-20 23:01:46',0,1,'An existing project is able to be found in order to show the require mitigation planning by the \"admin\" user.'),('2014-11-20 23:03:34',0,1,'An existing version project is able to be found in order to show the require mitigation planning by the \"admin\" user.'),('2014-11-20 23:32:53',0,1,'Username \"admin\" logged in successfully.'),('2014-11-20 23:36:19',0,1,'A new company was added by the \"admin\" user.'),('2014-11-20 23:38:50',0,1,'A new user was added by the \"admin\" user.'),('2014-11-20 23:43:00',0,1,'A new project was added by the \"admin\" user.'),('2014-11-20 23:43:51',0,1,'An AJAX request to add project to a client fail by the \"admin\" user.'),('2014-11-21 00:00:56',0,1,'An existing project was associated to the client/s by the \"admin\" user.'),('2014-11-21 00:01:10',0,1,'An AJAX request to add project to a client fail by the \"admin\" user.'),('2014-11-21 00:01:22',0,1,'An AJAX request to add project to a client fail by the \"admin\" user.'),('2014-11-21 00:01:29',0,1,'An AJAX request to add project to a client fail by the \"admin\" user.'),('2014-11-21 00:05:44',3,1,'A new risk ID \"1003\" was submitted by username \"admin\".'),('2014-11-21 00:08:08',4,1,'A new risk ID \"1004\" was submitted by username \"admin\".'),('2014-11-21 00:12:13',5,1,'A new risk ID \"1005\" was submitted by username \"admin\".'),('2014-11-21 00:13:20',6,1,'A new risk ID \"1006\" was submitted by username \"admin\".'),('2014-11-21 00:21:07',7,1,'A new risk ID \"1007\" was submitted by username \"admin\".'),('2014-11-21 00:22:32',8,1,'A new risk ID \"1008\" was submitted by username \"admin\".'),('2014-11-21 00:23:37',9,1,'A new risk ID \"1009\" was submitted by username \"admin\".'),('2014-11-21 00:27:32',0,1,'A new project was added by the \"admin\" user.'),('2014-11-21 00:29:18',10,1,'A new risk ID \"1010\" was submitted by username \"admin\".'),('2014-11-21 00:30:50',11,1,'A new risk ID \"1011\" was submitted by username \"admin\".'),('2014-11-21 00:31:59',12,1,'A new risk ID \"1012\" was submitted by username \"admin\".'),('2014-11-21 00:33:10',13,1,'A new risk ID \"1013\" was submitted by username \"admin\".'),('2014-11-21 00:34:20',14,1,'A new risk ID \"1014\" was submitted by username \"admin\".'),('2014-11-21 00:35:44',15,1,'A new risk ID \"1015\" was submitted by username \"admin\".'),('2014-11-21 00:36:52',16,1,'A new risk ID \"1016\" was submitted by username \"admin\".'),('2014-11-21 00:36:59',0,1,'An existing project is able to be found in order to show the required dashboard by the \"admin\" user.'),('2014-11-21 00:37:15',0,1,'An existing project is able to be found in order to show the trend of the risks presented in the requested project \"admin\" user.'),('2014-11-21 00:37:21',0,1,'An existing project is able to be found in order to show the trend of the risks presented in the requested project \"admin\" user.'),('2014-11-21 00:37:32',0,1,'An existing project is able to be found in order to show the require mitigation planning by the \"admin\" user.'),('2014-11-21 00:37:46',0,1,'An existing project is able to be found in order to show the required dashboard by the \"admin\" user.'),('2014-11-21 00:37:50',0,1,'An existing project is able to be found in order to show the required dashboard by the \"admin\" user.'),('2014-11-21 00:40:44',0,1,'Username \"admin\" logged in successfully.'),('2014-11-21 00:40:54',0,1,'An existing project is able to be found in order to show the required dashboard by the \"admin\" user.'),('2014-11-21 00:41:40',0,1,'An existing project is able to be found in order to show the required dashboard by the \"admin\" user.'),('2014-11-21 00:41:52',0,1,'An existing project is able to be found in order to show the required dashboard by the \"admin\" user.'),('2014-11-21 00:42:09',0,1,'An existing project is able to be found in order to show the require mitigation planning by the \"admin\" user.'),('2014-11-21 00:42:24',0,1,'An existing project is able to be found in order to show the require mitigation planning by the \"admin\" user.'),('2014-11-21 00:43:24',0,1,'Username \"admin\" logged in successfully.'),('2014-11-21 00:43:47',0,1,'An existing project is able to be found in order to show the required dashboard by the \"admin\" user.'),('2014-11-21 00:44:19',0,1,'An existing version project is able to be found in order to show the require mitigation planning by the \"admin\" user.'),('2014-11-21 00:46:53',0,1,'An existing project is able to be found in order to show the required dashboard by the \"admin\" user.'),('2014-11-21 00:47:02',0,1,'An existing project is able to be found in order to show the require mitigation planning by the \"admin\" user.'),('2014-11-21 00:48:16',0,1,'An existing version project is able to be found in order to show the require management review by the \"admin\" user.'),('2014-11-21 00:48:37',0,1,'An existing version project is able to be found in order to show the require management review by the \"admin\" user.'),('2014-11-21 00:49:09',10,1,'Risk mitigation details were updated for risk ID \"1010\" by username \"admin\".'),('2014-11-21 00:50:12',0,1,'An existing version project is able to be found in order to show the require management review by the \"admin\" user.'),('2014-11-21 00:53:50',0,1,'An existing project is able to be found in order to show the required dashboard by the \"admin\" user.'),('2014-11-21 00:54:46',0,1,'An existing company was modified by the \"admin\" user.'),('2014-11-21 01:01:10',0,1,'An existing project is able to be found in order to show the required dashboard by the \"admin\" user.'),('2014-11-21 01:01:26',0,1,'An existing project is able to be found in order to show the require mitigation planning by the \"admin\" user.'),('2014-11-21 01:02:08',2,1,'Risk mitigation details were updated for risk ID \"1002\" by username \"admin\".'),('2014-11-21 01:02:32',0,1,'An existing version project is able to be found in order to show the require mitigation planning by the \"admin\" user.'),('2014-11-21 01:08:12',0,1,'An existing version project is able to be found in order to show the require mitigation planning by the \"admin\" user.'),('2014-11-21 01:09:45',10,1,'A management review was submitted for risk ID \"1010\" by username \"admin\".'),('2014-11-21 01:09:51',0,1,'An existing version project is able to be found in order to show the require mitigation planning by the \"admin\" user.'),('2014-11-21 01:09:54',0,1,'An existing version project is able to be found in order to show the require mitigation planning by the \"admin\" user.'),('2014-11-21 01:10:19',11,1,'A management review was submitted for risk ID \"1011\" by username \"admin\".'),('2014-11-21 01:10:19',11,1,'Risk ID \"1011\" automatically closed when username \"admin\" rejected the risk.'),('2014-11-21 01:10:24',0,1,'An existing version project is able to be found in order to show the require mitigation planning by the \"admin\" user.'),('2014-11-21 01:10:28',0,1,'An existing version project is able to be found in order to show the require mitigation planning by the \"admin\" user.'),('2014-11-21 01:10:32',0,1,'An existing version project is able to be found in order to show the require mitigation planning by the \"admin\" user.'),('2014-11-21 01:10:56',12,1,'A mitigation was submitted for risk ID \"1012\" by username \"admin\".'),('2014-11-21 01:13:53',12,1,'A mitigation was submitted for risk ID \"1012\" by username \"admin\".'),('2014-11-21 01:14:02',0,1,'An existing version project is able to be found in order to show the require mitigation planning by the \"admin\" user.'),('2014-11-21 01:14:04',0,1,'An existing version project is able to be found in order to show the require mitigation planning by the \"admin\" user.'),('2014-11-21 01:14:10',0,1,'An existing version project is able to be found in order to show the require mitigation planning by the \"admin\" user.'),('2014-11-21 01:14:25',6,1,'A mitigation was submitted for risk ID \"1006\" by username \"admin\".'),('2014-11-21 01:17:48',6,1,'A mitigation was submitted for risk ID \"1006\" by username \"admin\".'),('2014-11-21 01:18:11',6,1,'A mitigation was submitted for risk ID \"1006\" by username \"admin\".'),('2014-11-21 01:18:24',0,1,'An existing version project is able to be found in order to show the require mitigation planning by the \"admin\" user.'),('2014-11-21 01:18:49',0,1,'An existing version project is able to be found in order to show the require management review by the \"admin\" user.'),('2014-11-21 01:19:03',0,1,'An existing version project is able to be found in order to show the require mitigation planning by the \"admin\" user.'),('2014-11-21 01:22:17',4,1,'A mitigation was submitted for risk ID \"1004\" by username \"admin\".'),('2014-11-21 01:22:27',0,1,'An existing version project is able to be found in order to show the require management review by the \"admin\" user.'),('2014-11-21 01:22:36',4,1,'A mitigation was submitted for risk ID \"1004\" by username \"admin\".'),('2014-11-21 01:22:51',0,1,'An existing version project is able to be found in order to show the require management review by the \"admin\" user.'),('2014-11-21 01:23:41',0,1,'Username \"admin\" logged out successfully.'),('2014-11-21 06:52:24',0,1,'Username \"admin\" logged in successfully.'),('2014-11-21 06:52:37',0,1,'An existing project is able to be found in order to show the require mitigation planning by the \"admin\" user.'),('2014-11-21 06:52:48',0,1,'An existing project is able to be found in order to show the require mitigation planning by the \"admin\" user.'),('2014-11-21 06:52:58',0,1,'An existing project is able to be found in order to show the require mitigation planning by the \"admin\" user.'),('2014-11-21 06:53:01',0,1,'An existing project is able to be found in order to show the require mitigation planning by the \"admin\" user.'),('2014-11-21 06:53:07',0,1,'An existing project is able to be found in order to show the require mitigation planning by the \"admin\" user.'),('2014-11-21 06:53:13',0,1,'An existing project is able to be found in order to show the require mitigation planning by the \"admin\" user.'),('2014-11-21 06:53:25',0,1,'An existing project is able to be found in order to show the require mitigation planning by the \"admin\" user.'),('2014-11-21 06:53:35',0,1,'An existing project is able to be found in order to show the require mitigation planning by the \"admin\" user.'),('2014-11-21 06:53:49',0,1,'An existing project is able to be found in order to show the require mitigation planning by the \"admin\" user.'),('2014-11-21 06:54:11',0,1,'An existing version project is able to be found in order to show the require mitigation planning by the \"admin\" user.'),('2014-11-21 06:55:26',0,1,'An existing project is able to be found in order to show the required dashboard by the \"admin\" user.'),('2014-11-21 06:55:47',0,1,'An existing project is able to be found in order to show the required dashboard by the \"admin\" user.'),('2014-11-24 20:35:46',0,1,'Username \"admin\" logged in successfully.'),('2014-11-24 20:41:30',0,1,'An existing project is able to be found in order to show the required dashboard by the \"admin\" user.'),('2014-11-24 20:43:58',0,1,'An existing project is able to be found in order to show the required dashboard by the \"admin\" user.'),('2014-11-24 20:44:49',0,1,'An existing project is able to be found in order to show the required dashboard by the \"admin\" user.'),('2014-11-24 20:45:02',0,1,'An existing project is able to be found in order to show the required dashboard by the \"admin\" user.'),('2014-11-24 20:45:11',0,1,'An existing project is able to be found in order to show the required dashboard by the \"admin\" user.'),('2014-11-24 20:48:01',0,1,'An existing project is able to be found in order to show the required dashboard by the \"admin\" user.'),('2014-11-24 20:48:57',0,1,'An existing project is able to be found in order to show the required dashboard by the \"admin\" user.'),('2014-11-24 20:49:32',0,1,'An existing project is able to be found in order to show the required dashboard by the \"admin\" user.'),('2014-11-24 20:50:01',0,1,'An existing project is able to be found in order to show the required dashboard by the \"admin\" user.'),('2014-11-24 20:51:04',0,1,'An existing project is able to be found in order to show the required dashboard by the \"admin\" user.'),('2014-11-24 20:51:22',0,1,'An existing version project is able to be found in order to show the require management review by the \"admin\" user.'),('2014-11-24 20:51:35',0,1,'An existing version project is able to be found in order to show the require management review by the \"admin\" user.'),('2014-11-24 20:53:58',6,1,'Risk ID \"1006\" was marked as closed by username \"admin\".'),('2014-11-24 20:54:10',0,1,'An existing project is able to be found in order to show the required dashboard by the \"admin\" user.'),('2014-11-24 21:00:47',17,1,'A new risk ID \"1017\" was submitted by username \"admin\".'),('2014-11-24 21:00:54',0,1,'An existing version project is able to be found in order to show the require mitigation planning by the \"admin\" user.'),('2014-11-24 21:02:16',0,1,'An existing version project is able to be found in order to show the require mitigation planning by the \"admin\" user.'),('2014-11-24 21:02:35',17,1,'Risk scoring for risk ID \"1017\" was updated by username \"admin\".'),('2014-11-24 21:02:50',17,1,'Risk scoring for risk ID \"1017\" was updated by username \"admin\".'),('2014-11-24 21:09:58',17,1,'Risk details were updated for risk ID \"1017\" by username \"admin\".'),('2014-11-24 21:10:25',17,1,'Risk details were updated for risk ID \"1017\" by username \"admin\".'),('2014-11-24 21:10:44',17,1,'Risk details were updated for risk ID \"1017\" by username \"admin\".'),('2014-11-24 21:10:56',17,1,'Risk details were updated for risk ID \"1017\" by username \"admin\".'),('2014-11-24 21:11:20',17,1,'Risk details were updated for risk ID \"1017\" by username \"admin\".'),('2014-11-24 21:12:03',17,1,'A comment was added to risk ID \"1017\" by username \"admin\".'),('2014-11-24 21:30:57',18,1,'A new risk ID \"1018\" was submitted by username \"admin\".'),('2014-11-24 21:31:28',0,1,'An existing version project is able to be found in order to show the require mitigation planning by the \"admin\" user.'),('2014-11-24 21:44:41',18,1,'Risk details were updated for risk ID \"1018\" by username \"admin\".'),('2014-11-24 21:45:02',18,1,'Risk details were updated for risk ID \"1018\" by username \"admin\".'),('2014-11-24 21:48:24',18,1,'Risk details were updated for risk ID \"1018\" by username \"admin\".'),('2014-11-24 21:57:20',0,1,'An existing version project is able to be found in order to show the require mitigation planning by the \"admin\" user.'),('2014-11-24 21:58:56',0,1,'An existing version project is able to be found in order to show the require management review by the \"admin\" user.'),('2014-11-24 21:59:45',18,1,'Risk mitigation details were updated for risk ID \"1018\" by username \"admin\".'),('2014-11-24 22:00:26',18,1,'Risk mitigation details were updated for risk ID \"1018\" by username \"admin\".'),('2014-11-24 22:04:19',18,1,'A mitigation was submitted for risk ID \"1018\" by username \"admin\".'),('2014-11-24 22:08:01',18,1,'A management review was submitted for risk ID \"1018\" by username \"admin\".'),('2014-11-24 22:11:11',0,1,'An existing project is able to be found in order to show the require mitigation planning by the \"admin\" user.'),('2014-11-24 22:11:26',0,1,'An existing project is able to be found in order to show the require mitigation planning by the \"admin\" user.'),('2014-11-24 22:11:36',0,1,'An existing project is able to be found in order to show the require mitigation planning by the \"admin\" user.'),('2014-11-24 22:11:41',0,1,'An existing project is able to be found in order to show the require mitigation planning by the \"admin\" user.'),('2014-11-24 22:11:42',0,1,'An existing project is able to be found in order to show the require mitigation planning by the \"admin\" user.'),('2014-11-24 22:11:47',0,1,'An existing project is able to be found in order to show the require mitigation planning by the \"admin\" user.'),('2014-11-24 22:12:03',0,1,'An existing project is able to be found in order to show the require mitigation planning by the \"admin\" user.'),('2014-11-24 22:12:16',0,1,'An existing project is able to be found in order to show the require mitigation planning by the \"admin\" user.'),('2014-11-24 22:12:18',0,1,'An existing project is able to be found in order to show the require mitigation planning by the \"admin\" user.'),('2014-11-24 22:12:20',0,1,'An existing project is able to be found in order to show the require mitigation planning by the \"admin\" user.'),('2014-11-24 22:12:38',0,1,'An existing project is able to be found in order to show the require mitigation planning by the \"admin\" user.'),('2014-11-24 22:12:47',0,1,'An existing project is able to be found in order to show the require mitigation planning by the \"admin\" user.'),('2014-11-24 22:15:07',0,1,'An existing version project is able to be found in order to show the require mitigation planning by the \"admin\" user.'),('2014-11-24 22:15:25',0,1,'An existing version project is able to be found in order to show the require management review by the \"admin\" user.'),('2014-11-24 22:15:44',0,1,'An existing version project is able to be found in order to show the require mitigation planning by the \"admin\" user.'),('2014-11-24 22:16:31',0,1,'An existing project is able to be found in order to show the required dashboard by the \"admin\" user.'),('2014-11-24 22:16:57',0,1,'An existing project is able to be found in order to show the trend of the risks presented in the requested project \"admin\" user.'),('2014-11-24 22:17:17',0,1,'An existing project is able to be found in order to show the require mitigation planning by the \"admin\" user.'),('2014-11-24 22:17:54',0,1,'Username \"admin\" logged out successfully.'),('2014-11-25 20:48:20',0,1,'Username \"admin\" logged in successfully.'),('2014-11-25 20:50:28',0,1,'An existing version project is able to be found in order to show the require mitigation planning by the \"admin\" user.'),('2014-11-25 20:50:46',0,1,'An existing version project is able to be found in order to show the require mitigation planning by the \"admin\" user.'),('2014-11-25 20:56:09',3,1,'Risk details were updated for risk ID \"1003\" by username \"admin\".'),('2014-11-25 20:57:59',3,1,'Risk mitigation details were updated for risk ID \"1003\" by username \"admin\".'),('2014-11-25 21:17:47',3,1,'Risk mitigation details were updated for risk ID \"1003\" by username \"admin\".'),('2014-11-25 21:18:42',0,1,'An existing version project is able to be found in order to show the require mitigation planning by the \"admin\" user.'),('2014-11-25 21:18:48',0,1,'An existing version project is able to be found in order to show the require management review by the \"admin\" user.'),('2014-11-25 21:21:23',0,1,'An existing version project is able to be found in order to show the require management review by the \"admin\" user.'),('2014-11-25 21:21:45',0,1,'An existing version project is able to be found in order to show the require management review by the \"admin\" user.'),('2014-11-25 21:23:04',3,1,'A mitigation was submitted for risk ID \"1003\" by username \"admin\".'),('2014-11-25 21:23:31',3,1,'A mitigation was submitted for risk ID \"1003\" by username \"admin\".'),('2014-11-25 21:23:47',0,1,'An existing version project is able to be found in order to show the require mitigation planning by the \"admin\" user.'),('2014-11-25 21:23:54',0,1,'An existing version project is able to be found in order to show the require management review by the \"admin\" user.'),('2014-11-25 21:24:52',3,1,'Risk mitigation details were updated for risk ID \"1003\" by username \"admin\".'),('2014-11-25 21:26:43',0,1,'An existing version project is able to be found in order to show the require management review by the \"admin\" user.'),('2014-11-25 21:27:13',3,1,'A mitigation was submitted for risk ID \"1003\" by username \"admin\".'),('2014-11-25 21:27:25',0,1,'An existing version project is able to be found in order to show the require mitigation planning by the \"admin\" user.'),('2014-11-25 21:27:31',0,1,'An existing version project is able to be found in order to show the require management review by the \"admin\" user.'),('2014-11-25 21:28:00',5,1,'Risk mitigation details were updated for risk ID \"1005\" by username \"admin\".'),('2014-11-25 21:28:37',5,1,'A mitigation was submitted for risk ID \"1005\" by username \"admin\".'),('2014-11-25 21:28:55',5,1,'Risk mitigation details were updated for risk ID \"1005\" by username \"admin\".'),('2014-11-25 21:29:01',5,1,'A mitigation was submitted for risk ID \"1005\" by username \"admin\".'),('2014-11-25 21:32:17',0,1,'An existing project is able to be found in order to show the required dashboard by the \"admin\" user.'),('2014-11-25 21:34:11',0,1,'An existing project is able to be found in order to show the require mitigation planning by the \"admin\" user.'),('2014-11-25 21:35:41',0,1,'An existing version project is able to be found in order to show the require management review by the \"admin\" user.'),('2014-11-25 21:38:57',0,1,'An existing version project is able to be found in order to show the require management review by the \"admin\" user.'),('2014-11-25 21:39:13',4,1,'A management review was submitted for risk ID \"1004\" by username \"admin\".'),('2014-11-25 21:39:13',4,1,'Risk ID \"1004\" automatically closed when username \"admin\" rejected the risk.'),('2014-11-25 21:39:22',0,1,'An existing version project is able to be found in order to show the require management review by the \"admin\" user.'),('2014-11-25 21:39:42',0,1,'An existing version project is able to be found in order to show the require management review by the \"admin\" user.'),('2014-11-25 21:40:10',5,1,'A management review was submitted for risk ID \"1005\" by username \"admin\".'),('2014-11-25 21:40:10',5,1,'Risk ID \"1005\" automatically closed when username \"admin\" rejected the risk.'),('2014-11-25 21:40:17',0,1,'An existing version project is able to be found in order to show the require management review by the \"admin\" user.'),('2014-11-25 21:40:40',0,1,'An existing project is able to be found in order to show the require mitigation planning by the \"admin\" user.'),('2014-11-25 22:10:37',0,1,'An existing user was modified by the \"admin\" user.'),('2014-11-25 22:10:42',0,1,'An existing user was modified by the \"admin\" user.'),('2014-11-25 22:18:22',0,1,'An existing version project is able to be found in order to show the require management review by the \"admin\" user.'),('2014-11-25 22:18:28',0,1,'Username \"admin\" logged out successfully.'),('2014-11-25 22:18:54',0,1,'Username \"admin\" logged in successfully.'),('2014-11-25 22:19:56',0,1,'Username \"admin\" logged in successfully.'),('2014-11-25 22:22:44',0,1,'An existing version project is able to be found in order to show the require management review by the \"admin\" user.'),('2014-11-25 22:25:04',3,1,'A management review was submitted for risk ID \"1003\" by username \"admin\".'),('2014-11-25 22:30:36',0,1,'An existing project is able to be found in order to show the require mitigation planning by the \"admin\" user.'),('2014-11-25 22:33:25',0,1,'An existing version project is able to be found in order to show the require management review by the \"admin\" user.'),('2014-11-25 22:33:53',0,1,'An existing version project is able to be found in order to show the require management review by the \"admin\" user.'),('2014-11-25 22:34:08',0,1,'An existing project is able to be found in order to show the require mitigation planning by the \"admin\" user.'),('2014-11-25 23:08:17',0,1,'An existing version project is able to be found in order to show the require management review by the \"admin\" user.'),('2014-11-25 23:11:40',0,1,'An existing version project is able to be found in order to show the require management review by the \"admin\" user.'),('2014-11-25 23:16:16',0,1,'An existing project is able to be found in order to show the require mitigation planning by the \"admin\" user.'),('2014-11-27 20:43:47',0,1,'Username \"admin\" logged in successfully.'),('2014-11-27 20:53:19',0,1,'An existing project is able to be found in order to show the require mitigation planning by the \"admin\" user.'),('2014-11-27 20:53:27',0,1,'An existing project is able to be found in order to show the require mitigation planning by the \"admin\" user.'),('2014-11-27 20:53:55',0,1,'An existing project is able to be found in order to show the require mitigation planning by the \"admin\" user.'),('2014-11-27 20:53:59',0,1,'An existing project is able to be found in order to show the require mitigation planning by the \"admin\" user.'),('2014-11-27 20:54:24',0,1,'An existing project is able to be found in order to show the require mitigation planning by the \"admin\" user.'),('2014-11-27 20:54:42',0,1,'An existing project is able to be found in order to show the require mitigation planning by the \"admin\" user.'),('2014-11-27 20:55:22',0,1,'An existing project is able to be found in order to show the require mitigation planning by the \"admin\" user.'),('2014-11-27 20:55:48',0,1,'An existing project is able to be found in order to show the require mitigation planning by the \"admin\" user.'),('2014-11-27 20:56:14',0,1,'An existing project is able to be found in order to show the require mitigation planning by the \"admin\" user.'),('2014-11-27 21:10:11',0,1,'An existing project is able to be found in order to show the require Submitted Risks by Date by the \"admin\" user.'),('2014-11-27 21:11:39',0,1,'An existing project is able to be found in order to show the require Submitted Risks by Date by the \"admin\" user.'),('2014-11-27 21:12:00',0,1,'An existing project is able to be found in order to show the require Submitted Risks by Date by the \"admin\" user.'),('2014-11-27 21:14:16',0,8,'Username \"HamishL\" logged in successfully.'),('2014-11-27 21:14:39',0,8,'An existing project is able to be found in order to show the required dashboard by the \"HamishL\" user.'),('2014-11-27 21:14:46',0,8,'An existing project is able to be found in order to show the trend of the risks presented in the requested project \"HamishL\" user.'),('2014-11-27 21:14:55',0,8,'An existing project is able to be found in order to show the require mitigation planning by the \"HamishL\" user.'),('2014-11-27 21:19:13',0,8,'An existing project is able to be found in order to show the require mitigation planning by the \"HamishL\" user.'),('2014-11-27 21:20:21',0,8,'An existing project is able to be found in order to show the require mitigation planning by the \"HamishL\" user.'),('2014-11-27 21:20:26',0,8,'An existing project is able to be found in order to show the require mitigation planning by the \"HamishL\" user.'),('2014-11-27 21:20:33',0,8,'An existing project is able to be found in order to show the require mitigation planning by the \"HamishL\" user.'),('2014-11-27 21:20:39',0,8,'An existing project is able to be found in order to show the require mitigation planning by the \"HamishL\" user.'),('2014-11-27 21:20:52',0,8,'An existing project is able to be found in order to show the required dashboard by the \"HamishL\" user.'),('2014-11-27 21:20:58',0,1,'An existing project is able to be found in order to show the required dashboard by the \"admin\" user.'),('2014-11-27 21:21:09',0,1,'An existing project is able to be found in order to show the trend of the risks presented in the requested project \"admin\" user.'),('2014-11-27 21:21:13',0,8,'An existing project is able to be found in order to show the trend of the risks presented in the requested project \"HamishL\" user.'),('2014-11-27 21:21:28',0,8,'An existing project is able to be found in order to show the require mitigation planning by the \"HamishL\" user.'),('2014-11-27 21:21:31',0,1,'An existing project is able to be found in order to show the require mitigation planning by the \"admin\" user.'),('2014-11-27 21:21:44',0,1,'An existing project is able to be found in order to show the require mitigation planning by the \"admin\" user.'),('2014-11-27 21:21:47',0,8,'An existing project is able to be found in order to show the require mitigation planning by the \"HamishL\" user.'),('2014-11-27 21:21:55',0,1,'An existing project is able to be found in order to show the require mitigation planning by the \"admin\" user.'),('2014-11-27 21:22:00',0,8,'An existing project is able to be found in order to show the require mitigation planning by the \"HamishL\" user.'),('2014-11-27 21:22:08',0,1,'An existing project is able to be found in order to show the require mitigation planning by the \"admin\" user.'),('2014-11-27 21:22:12',0,8,'An existing project is able to be found in order to show the require mitigation planning by the \"HamishL\" user.'),('2014-11-27 21:22:20',0,1,'An existing project is able to be found in order to show the require mitigation planning by the \"admin\" user.'),('2014-11-27 21:22:24',0,8,'An existing project is able to be found in order to show the require mitigation planning by the \"HamishL\" user.'),('2014-11-27 21:22:34',0,8,'An existing project is able to be found in order to show the require mitigation planning by the \"HamishL\" user.'),('2014-11-27 21:22:41',0,1,'An existing project is able to be found in order to show the require mitigation planning by the \"admin\" user.'),('2014-11-27 21:22:51',0,8,'An existing project is able to be found in order to show the require mitigation planning by the \"HamishL\" user.'),('2014-11-27 21:22:59',0,1,'An existing project is able to be found in order to show the require mitigation planning by the \"admin\" user.'),('2014-11-27 21:23:12',0,1,'An existing project is able to be found in order to show the require Submitted Risks by Date by the \"admin\" user.'),('2014-11-27 21:23:19',0,8,'An existing project is able to be found in order to show the require Submitted Risks by Date by the \"HamishL\" user.'),('2014-11-27 21:23:29',0,1,'An existing project is able to be found in order to show the require mitigation planning by the \"admin\" user.'),('2014-11-27 21:23:34',0,8,'An existing project is able to be found in order to show the require mitigation planning by the \"HamishL\" user.'),('2014-11-27 21:23:41',0,1,'An existing project is able to be found in order to show the require mitigation planning by the \"admin\" user.'),('2014-11-27 21:23:45',0,8,'An existing project is able to be found in order to show the require mitigation planning by the \"HamishL\" user.'),('2014-11-27 21:24:54',0,8,'An existing version project is able to be found in order to show the require mitigation planning by the \"HamishL\" user.'),('2014-11-27 21:43:32',0,1,'An existing user was modified by the \"admin\" user.'),('2014-11-27 21:43:55',0,1,'An existing user was modified by the \"admin\" user.'),('2014-11-27 21:45:35',0,1,'An existing user was modified by the \"admin\" user.'),('2014-11-27 21:46:30',0,5,'Username \"david\" logged in successfully.'),('2014-11-27 21:55:56',0,8,'An existing version project is able to be found in order to show the require management review by the \"HamishL\" user.'),('2014-11-27 23:19:39',0,1,'Username \"admin\" logged in successfully.'),('2014-11-27 23:20:03',0,1,'An existing project is able to be found in order to show the required dashboard by the \"admin\" user.'),('2014-11-27 23:20:14',0,1,'An existing version project is able to be found in order to show the require mitigation planning by the \"admin\" user.'),('2014-11-27 23:20:20',0,1,'An existing version project is able to be found in order to show the require management review by the \"admin\" user.'),('2014-11-27 23:20:24',0,1,'An existing version project is able to be found in order to show the require management review by the \"admin\" user.'),('2014-11-28 00:09:21',2,1,'A comment was added to risk ID \"1002\" by username \"admin\".'),('2014-11-28 00:10:50',0,1,'An existing version project is able to be found in order to show the require mitigation planning by the \"admin\" user.'),('2014-11-28 00:10:55',0,1,'An existing version project is able to be found in order to show the require management review by the \"admin\" user.'),('2014-11-28 00:11:00',0,1,'An existing version project is able to be found in order to show the require management review by the \"admin\" user.'),('2014-11-28 00:16:39',0,1,'An existing version project is able to be found in order to show the require mitigation planning by the \"admin\" user.'),('2014-11-28 00:32:00',0,1,'A new user was added by the \"admin\" user.'),('2014-11-28 00:32:22',0,8,'Username \"HamishL\" logged out successfully.'),('2014-11-28 00:32:32',0,1,'Username \"admin\" logged out successfully.'),('2014-12-02 20:19:35',0,1,'Username \"admin\" logged in successfully.'),('2014-12-02 20:54:46',-996,1,'A new risk template ID \"4\" was submitted  by username \"admin\".'),('2014-12-02 20:56:25',-995,1,'A new risk template ID \"5\" was submitted  by username \"admin\".'),('2014-12-02 20:57:28',-994,1,'A new risk template ID \"6\" was submitted  by username \"admin\".'),('2014-12-02 21:01:50',-993,1,'A new risk template ID \"7\" was submitted  by username \"admin\".'),('2014-12-02 21:03:45',-992,1,'A new risk template ID \"8\" was submitted  by username \"admin\".'),('2015-06-24 21:40:48',0,1,'Username \"admin\" logged in successfully.'),('2015-06-24 21:55:24',0,1,'An existing project is able to be found in order to show the required dashboard by the \"admin\" user.'),('2015-06-24 21:55:31',0,1,'An existing project is able to be found in order to show the trend of the risks presented in the requested project \"admin\" user.'),('2015-06-24 23:23:15',0,1,'An existing version project is able to be found in order to show the require mitigation planning by the \"admin\" user.'),('2015-06-24 23:23:23',0,1,'An existing project is able to be found in order to show the required dashboard by the \"admin\" user.'),('2015-06-24 23:23:59',0,1,'An existing version project is able to be found in order to show the require mitigation planning by the \"admin\" user.'),('2015-06-24 23:24:16',0,1,'An existing version project is able to be found in order to show the require management review by the \"admin\" user.'),('2015-06-24 23:25:46',0,1,'An existing project is able to be found in order to show the require mitigation planning by the \"admin\" user.'),('2015-06-24 23:35:07',0,1,'Username \"admin\" logged out successfully.'),('2015-07-15 02:49:36',0,1,'Username \"admin\" logged in successfully.'),('2015-07-15 03:41:08',0,1,'An existing risk template template was modified by the \"admin\" user.'),('2015-07-15 03:41:21',0,1,'An existing risk template template was modified by the \"admin\" user.'),('2015-07-15 03:46:23',-989,1,'A new risk template ID \"11\" was submitted  by username \"admin\".'),('2015-07-15 04:08:18',0,1,'An existing risk template template was deleted by the \"admin\" user.'),('2015-07-16 02:35:34',0,1,'Username \"admin\" logged in successfully.'),('2015-07-16 04:03:51',0,1,'Username \"admin\" logged in successfully.'),('2015-07-16 04:09:42',0,1,'Username \"admin\" logged out successfully.'),('2015-07-16 04:28:17',0,1,'Username \"admin\" logged in successfully.'),('2015-07-16 05:02:14',0,1,'A new user was added by the \"admin\" user.'),('2015-07-16 05:05:15',0,1,'Username \"admin\" logged out successfully.'),('2015-07-17 00:07:28',0,1,'Username \"admin\" logged in successfully.'),('2015-07-17 05:37:45',0,1,'Username \"admin\" logged in successfully.'),('2015-07-17 05:38:05',0,1,'Username \"admin\" logged out successfully.'),('2015-07-17 05:38:36',0,1,'Username \"admin\" logged in successfully.'),('2015-07-17 05:39:47',0,1,'Username \"admin\" logged out successfully.'),('2015-07-17 05:40:17',0,1,'Username \"admin\" logged in successfully.'),('2015-07-17 05:41:05',0,1,'Username \"admin\" logged out successfully.'),('2015-07-17 05:41:37',0,1,'Username \"admin\" logged in successfully.'),('2015-07-17 05:41:43',0,1,'Username \"admin\" logged out successfully.'),('2015-07-17 05:46:15',0,1,'Username \"admin\" logged in successfully.'),('2015-07-17 05:46:27',0,1,'Username \"admin\" logged in successfully.'),('2015-07-17 07:04:21',0,1,'Username \"admin\" logged out successfully.'),('2015-07-17 07:04:53',0,1,'Username \"admin\" logged in successfully.'),('2015-07-18 07:33:48',0,1,'Username \"admin\" logged in successfully.'),('2015-07-18 07:50:37',0,1,'Username \"admin\" logged out successfully.'),('2015-07-20 00:52:36',0,1,'Username \"admin\" logged in successfully.'),('2015-07-20 00:55:12',0,1,'Username \"admin\" logged out successfully.'),('2015-07-20 01:20:39',0,1,'Username \"admin\" logged in successfully.'),('2015-07-20 01:29:40',0,1,'Username \"admin\" logged out successfully.'),('2015-07-20 03:46:43',0,5,'Username \"david\" logged in successfully.'),('2015-07-20 03:46:49',0,5,'Username \"david\" logged out successfully.'),('2015-07-20 03:49:21',0,5,'Username \"david\" logged in successfully.'),('2015-07-20 03:49:24',0,5,'Username \"david\" logged out successfully.'),('2015-07-20 04:10:47',0,5,'Username \"david\" logged in successfully.'),('2015-07-20 04:18:07',0,5,'An existing project is able to be found in order to show the trend of the risks presented in the requested project \"david\" user.'),('2015-07-20 04:18:16',0,5,'An existing project is able to be found in order to show the require mitigation planning by the \"david\" user.'),('2015-07-20 04:24:18',0,5,'An existing project is able to be found in order to show the required dashboard by the \"david\" user.'),('2015-07-20 04:39:07',0,5,'An existing version project is able to be found in order to show the require mitigation planning by the \"david\" user.'),('2015-07-20 04:39:09',0,5,'An existing version project is able to be found in order to show the require mitigation planning by the \"david\" user.'),('2015-07-20 04:39:12',0,5,'An existing version project is able to be found in order to show the require mitigation planning by the \"david\" user.'),('2015-07-20 04:44:18',0,5,'Username \"david\" logged out successfully.'),('2015-07-20 04:44:58',0,5,'Username \"david\" logged in successfully.'),('2015-07-20 04:45:28',0,5,'An existing version project is able to be found in order to show the require mitigation planning by the \"david\" user.'),('2015-07-20 04:50:11',0,5,'An existing version project is able to be found in order to show the require mitigation planning by the \"david\" user.'),('2015-07-20 04:55:04',0,5,'Username \"david\" logged out successfully.'),('2015-07-20 04:55:33',0,1,'Username \"admin\" logged in successfully.'),('2015-07-20 04:56:41',0,1,'An existing version project is able to be found in order to show the require mitigation planning by the \"admin\" user.'),('2015-07-20 04:57:39',0,1,'Username \"admin\" logged out successfully.'),('2015-07-20 04:59:30',0,5,'Username \"david\" logged in successfully.'),('2015-07-20 05:01:11',0,5,'An existing version project is able to be found in order to show the require mitigation planning by the \"david\" user.'),('2015-07-20 05:03:09',0,5,'An existing version project is able to be found in order to show the require mitigation planning by the \"david\" user.'),('2015-07-20 05:05:27',0,5,'An existing version project is able to be found in order to show the require mitigation planning by the \"david\" user.'),('2015-07-20 05:05:58',0,5,'An existing version project is able to be found in order to show the require management review by the \"david\" user.'),('2015-07-20 06:27:27',0,5,'An existing version project is able to be found in order to show the require mitigation planning by the \"david\" user.'),('2015-07-20 06:27:36',0,5,'An existing version project is able to be found in order to show the require mitigation planning by the \"david\" user.'),('2015-07-20 06:27:44',0,5,'An existing version project is able to be found in order to show the require mitigation planning by the \"david\" user.'),('2015-07-20 06:36:28',0,5,'An existing version project is able to be found in order to show the require mitigation planning by the \"david\" user.'),('2015-07-20 06:37:10',0,5,'An existing version project is able to be found in order to show the require mitigation planning by the \"david\" user.'),('2015-07-20 06:38:49',0,5,'An existing version project is able to be found in order to show the require mitigation planning by the \"david\" user.'),('2015-07-20 06:39:06',0,5,'An existing version project is able to be found in order to show the require mitigation planning by the \"david\" user.'),('2015-07-20 06:54:07',0,5,'An existing version project is able to be found in order to show the require mitigation planning by the \"david\" user.'),('2015-07-20 06:54:20',0,5,'An existing version project is able to be found in order to show the require management review by the \"david\" user.'),('2015-07-20 06:54:25',0,5,'An existing version project is able to be found in order to show the require management review by the \"david\" user.'),('2015-07-20 07:01:02',0,5,'An existing version project is able to be found in order to show the require management review by the \"david\" user.'),('2015-07-20 07:01:38',0,5,'An existing project is able to be found in order to show the required dashboard by the \"david\" user.'),('2015-07-20 07:02:24',0,5,'An existing project is able to be found in order to show the require mitigation planning by the \"david\" user.'),('2015-07-20 07:19:51',0,5,'An existing version project is able to be found in order to show the require mitigation planning by the \"david\" user.'),('2015-07-20 07:30:17',0,5,'An existing version project is able to be found in order to show the require mitigation planning by the \"david\" user.'),('2015-07-20 07:31:02',0,5,'An existing version project is able to be found in order to show the require management review by the \"david\" user.'),('2015-07-20 07:31:07',0,5,'An existing version project is able to be found in order to show the require management review by the \"david\" user.'),('2015-07-20 07:31:18',0,5,'An existing project is able to be found in order to show the require mitigation planning by the \"david\" user.'),('2015-07-20 07:31:35',0,5,'An existing version project is able to be found in order to show the require management review by the \"david\" user.'),('2015-07-20 07:32:24',0,5,'Username \"david\" logged out successfully.'),('2015-07-20 07:37:45',0,1,'Username \"admin\" logged in successfully.'),('2015-07-20 07:46:36',0,1,'Username \"admin\" logged out successfully.'),('2015-07-20 23:04:24',0,5,'Username \"david\" logged in successfully.'),('2015-07-20 23:10:43',0,5,'Username \"david\" logged out successfully.'),('2015-07-20 23:15:29',0,8,'Username \"HamishL\" logged in successfully.'),('2015-07-20 23:16:06',0,8,'An existing version project is able to be found in order to show the require mitigation planning by the \"HamishL\" user.'),('2015-07-20 23:16:11',0,8,'An existing version project is able to be found in order to show the require management review by the \"HamishL\" user.'),('2015-07-20 23:16:16',0,8,'An existing version project is able to be found in order to show the require management review by the \"HamishL\" user.'),('2015-07-20 23:16:20',0,8,'An existing project is able to be found in order to show the required dashboard by the \"HamishL\" user.'),('2015-07-20 23:17:36',0,8,'An existing project is able to be found in order to show the require Submitted Risks by Date by the \"HamishL\" user.'),('2015-07-21 01:09:32',0,5,'Username \"david\" logged in successfully.'),('2015-07-21 01:18:17',0,5,'Username \"david\" logged out successfully.'),('2015-07-21 01:18:57',0,1,'Username \"admin\" logged in successfully.'),('2015-07-21 01:24:58',0,1,'An existing project is able to be found in order to show the required dashboard by the \"admin\" user.'),('2015-07-21 01:25:06',0,1,'An existing version project is able to be found in order to show the require mitigation planning by the \"admin\" user.'),('2015-07-21 01:25:50',7,1,'Risk ID \"1007\" was marked as closed by username \"admin\".'),('2015-07-21 01:44:27',0,1,'An existing version project is able to be found in order to show the require mitigation planning by the \"admin\" user.'),('2015-07-21 02:13:00',0,1,'An existing version project is able to be found in order to show the require mitigation planning by the \"admin\" user.'),('2015-07-21 02:17:17',10,1,'A management review was submitted for risk ID \"1010\" by username \"admin\".'),('2015-07-21 02:17:17',10,1,'Risk ID \"1010\" automatically closed when username \"admin\" rejected the risk.'),('2015-07-21 02:17:26',0,1,'An existing version project is able to be found in order to show the require mitigation planning by the \"admin\" user.'),('2015-07-21 02:17:35',0,1,'An existing version project is able to be found in order to show the require mitigation planning by the \"admin\" user.'),('2015-07-21 02:17:49',0,1,'An existing version project is able to be found in order to show the require mitigation planning by the \"admin\" user.'),('2015-07-21 02:17:50',0,1,'An existing version project is able to be found in order to show the require mitigation planning by the \"admin\" user.'),('2015-07-21 02:17:53',0,1,'An existing version project is able to be found in order to show the require mitigation planning by the \"admin\" user.'),('2015-07-21 02:17:58',0,1,'An existing version project is able to be found in order to show the require mitigation planning by the \"admin\" user.'),('2015-07-21 02:18:05',13,1,'A management review was submitted for risk ID \"1013\" by username \"admin\".'),('2015-07-21 02:18:10',0,1,'An existing version project is able to be found in order to show the require mitigation planning by the \"admin\" user.'),('2015-07-21 02:33:26',0,1,'An existing version project is able to be found in order to show the require mitigation planning by the \"admin\" user.'),('2015-07-21 02:33:27',0,1,'An existing version project is able to be found in order to show the require mitigation planning by the \"admin\" user.'),('2015-07-21 02:38:48',19,1,'A new risk ID \"1019\" was submitted by username \"admin\".'),('2015-07-21 02:40:32',20,1,'A new risk ID \"1020\" was submitted by username \"admin\".'),('2015-07-21 02:40:38',0,1,'An existing version project is able to be found in order to show the require mitigation planning by the \"admin\" user.'),('2015-07-21 02:41:15',0,1,'An existing project is able to be found in order to show the required dashboard by the \"admin\" user.'),('2015-07-21 02:41:22',0,1,'An existing project is able to be found in order to show the trend of the risks presented in the requested project \"admin\" user.'),('2015-07-21 02:41:26',0,1,'An existing project is able to be found in order to show the trend of the risks presented in the requested project \"admin\" user.'),('2015-07-21 02:41:32',0,1,'An existing project is able to be found in order to show the trend of the risks presented in the requested project \"admin\" user.'),('2015-07-21 02:41:32',0,1,'An existing project is able to be found in order to show the trend of the risks presented in the requested project \"admin\" user.'),('2015-07-21 02:41:38',0,1,'An existing project is able to be found in order to show the trend of the risks presented in the requested project \"admin\" user.'),('2015-07-21 02:41:38',0,1,'An existing project is able to be found in order to show the trend of the risks presented in the requested project \"admin\" user.'),('2015-07-21 02:41:38',0,1,'An existing project is able to be found in order to show the trend of the risks presented in the requested project \"admin\" user.'),('2015-07-21 02:41:41',0,1,'An existing project is able to be found in order to show the trend of the risks presented in the requested project \"admin\" user.'),('2015-07-21 02:41:41',0,1,'An existing project is able to be found in order to show the trend of the risks presented in the requested project \"admin\" user.'),('2015-07-21 02:41:41',0,1,'An existing project is able to be found in order to show the trend of the risks presented in the requested project \"admin\" user.'),('2015-07-21 02:41:44',0,1,'An AJAX request to get the trend of the risks for a specific project fails by the \"admin\" user.'),('2015-07-21 02:41:44',0,1,'An AJAX request to get the trend of the risks for a specific project fails by the \"admin\" user.'),('2015-07-21 02:41:44',0,1,'An AJAX request to get the trend of the risks for a specific project fails by the \"admin\" user.'),('2015-07-21 02:41:51',0,1,'An existing project is able to be found in order to show the require mitigation planning by the \"admin\" user.'),('2015-07-21 02:42:01',0,1,'An existing project is able to be found in order to show the require mitigation planning by the \"admin\" user.'),('2015-07-21 02:42:05',0,1,'An existing project is able to be found in order to show the require mitigation planning by the \"admin\" user.'),('2015-07-21 02:42:10',0,1,'An existing project is able to be found in order to show the require mitigation planning by the \"admin\" user.'),('2015-07-21 02:42:13',0,1,'An existing project is able to be found in order to show the require mitigation planning by the \"admin\" user.'),('2015-07-21 02:42:16',0,1,'An existing project is able to be found in order to show the require mitigation planning by the \"admin\" user.'),('2015-07-21 02:42:18',0,1,'An existing project is able to be found in order to show the require mitigation planning by the \"admin\" user.'),('2015-07-21 02:42:22',0,1,'An existing project is able to be found in order to show the require mitigation planning by the \"admin\" user.'),('2015-07-21 02:42:31',0,1,'An existing project is able to be found in order to show the require mitigation planning by the \"admin\" user.'),('2015-07-21 02:42:37',0,1,'An existing project is able to be found in order to show the require mitigation planning by the \"admin\" user.'),('2015-07-21 02:42:40',0,1,'An existing project is able to be found in order to show the require mitigation planning by the \"admin\" user.'),('2015-07-21 02:42:45',0,1,'An existing project is able to be found in order to show the require Submitted Risks by Date by the \"admin\" user.'),('2015-07-21 02:42:51',0,1,'An existing project is able to be found in order to show the require mitigation planning by the \"admin\" user.'),('2015-07-21 02:42:56',0,1,'An existing project is able to be found in order to show the require mitigation planning by the \"admin\" user.'),('2015-07-21 04:13:45',0,1,'Username \"admin\" logged in successfully.'),('2015-07-21 04:14:16',0,1,'An existing version project is able to be found in order to show the require mitigation planning by the \"admin\" user.'),('2015-07-21 04:14:33',19,1,'Risk scoring for risk ID \"1019\" was updated by username \"admin\".'),('2015-07-21 04:20:58',19,1,'A comment was added to risk ID \"1019\" by username \"admin\".'),('2015-07-21 04:22:48',19,1,'Scoring method was changed for risk ID \"1019\" by username \"admin\".'),('2015-07-21 04:23:03',19,1,'Scoring method was changed for risk ID \"1019\" by username \"admin\".'),('2015-07-21 04:23:57',0,1,'An existing version project is able to be found in order to show the require mitigation planning by the \"admin\" user.'),('2015-07-21 04:25:42',19,1,'A mitigation was submitted for risk ID \"1019\" by username \"admin\".'),('2015-07-21 04:25:50',0,1,'An existing version project is able to be found in order to show the require mitigation planning by the \"admin\" user.'),('2015-07-21 04:25:55',0,1,'An existing version project is able to be found in order to show the require management review by the \"admin\" user.'),('2015-07-21 04:26:09',19,1,'Risk mitigation details were updated for risk ID \"1019\" by username \"admin\".'),('2015-07-21 04:26:16',0,1,'An existing version project is able to be found in order to show the require management review by the \"admin\" user.'),('2015-07-21 04:26:36',0,1,'An existing version project is able to be found in order to show the require management review by the \"admin\" user.'),('2015-07-21 04:26:48',19,1,'A management review was submitted for risk ID \"1019\" by username \"admin\".'),('2015-07-21 04:26:55',0,1,'An existing version project is able to be found in order to show the require management review by the \"admin\" user.'),('2015-07-21 04:27:14',0,1,'An existing version project is able to be found in order to show the require management review by the \"admin\" user.'),('2015-07-21 04:27:16',0,1,'An existing version project is able to be found in order to show the require management review by the \"admin\" user.'),('2015-07-21 04:27:19',0,1,'An existing version project is able to be found in order to show the require management review by the \"admin\" user.'),('2015-07-21 04:27:24',0,1,'An existing version project is able to be found in order to show the require management review by the \"admin\" user.'),('2015-07-21 04:31:51',0,1,'An existing version project is able to be found in order to show the require management review by the \"admin\" user.'),('2015-07-21 04:32:17',20,1,'Risk ID \"1020\" was marked as closed by username \"admin\".'),('2015-07-21 04:32:24',0,1,'An existing project is able to be found in order to show the required dashboard by the \"admin\" user.'),('2015-07-21 04:32:41',0,1,'An existing project is able to be found in order to show the require mitigation planning by the \"admin\" user.'),('2015-07-21 04:33:53',0,1,'An existing version project is able to be found in order to show the require management review by the \"admin\" user.'),('2015-07-21 04:34:11',0,1,'An existing project is able to be found in order to show the require mitigation planning by the \"admin\" user.'),('2015-07-21 04:38:47',0,1,'An existing version project is able to be found in order to show the require mitigation planning by the \"admin\" user.'),('2015-07-21 04:38:49',0,1,'An existing version project is able to be found in order to show the require mitigation planning by the \"admin\" user.'),('2015-07-21 04:38:52',0,1,'An existing version project is able to be found in order to show the require mitigation planning by the \"admin\" user.'),('2015-07-21 04:49:04',0,1,'An existing version project is able to be found in order to show the require management review by the \"admin\" user.'),('2015-07-21 04:49:24',2,1,'A management review was submitted for risk ID \"1002\" by username \"admin\".'),('2015-07-21 04:49:24',2,1,'Risk ID \"1002\" automatically closed when username \"admin\" rejected the risk.'),('2015-07-21 04:50:35',0,1,'An existing version project is able to be found in order to show the require management review by the \"admin\" user.'),('2015-07-21 04:50:39',0,1,'An existing version project is able to be found in order to show the require management review by the \"admin\" user.'),('2015-07-21 04:50:43',0,1,'An existing version project is able to be found in order to show the require management review by the \"admin\" user.'),('2015-07-21 04:50:58',0,1,'An existing project is able to be found in order to show the required dashboard by the \"admin\" user.'),('2015-07-21 04:51:08',0,1,'An existing project is able to be found in order to show the required dashboard by the \"admin\" user.'),('2015-07-21 04:51:12',0,1,'An existing project is able to be found in order to show the required dashboard by the \"admin\" user.'),('2015-07-21 04:51:16',0,1,'An existing project is able to be found in order to show the required dashboard by the \"admin\" user.'),('2015-07-21 04:51:24',0,1,'An existing project is able to be found in order to show the require mitigation planning by the \"admin\" user.'),('2015-07-21 04:58:25',0,1,'Username \"admin\" logged out successfully.'),('2015-07-21 04:58:57',0,1,'Username \"admin\" logged in successfully.'),('2015-07-21 05:09:05',0,1,'An existing version project is able to be found in order to show the require mitigation planning by the \"admin\" user.'),('2015-07-21 05:09:07',0,1,'An existing version project is able to be found in order to show the require mitigation planning by the \"admin\" user.'),('2015-07-21 05:09:21',0,1,'An existing version project is able to be found in order to show the require management review by the \"admin\" user.'),('2015-07-21 05:09:38',0,1,'An existing version project is able to be found in order to show the require management review by the \"admin\" user.'),('2015-07-21 05:10:08',0,1,'An existing project is able to be found in order to show the require mitigation planning by the \"admin\" user.'),('2015-07-21 05:18:40',20,1,'Risk ID \"1020\" was reopened by username \"admin\".'),('2015-07-21 05:21:18',20,1,'Risk ID \"1020\" was marked as closed by username \"admin\".'),('2015-07-21 05:22:07',0,1,'An existing project is able to be found in order to show the require mitigation planning by the \"admin\" user.'),('2015-07-21 05:22:35',20,1,'Risk ID \"1020\" was reopened by username \"admin\".'),('2015-07-21 05:23:05',0,1,'An existing version project is able to be found in order to show the require mitigation planning by the \"admin\" user.'),('2015-07-21 05:23:31',0,1,'An existing project is able to be found in order to show the require mitigation planning by the \"admin\" user.'),('2015-07-21 05:23:47',2,1,'A comment was added to risk ID \"1002\" by username \"admin\".'),('2015-07-21 05:48:49',2,1,'Risk ID \"1002\" was reopened by username \"admin\".'),('2015-07-21 05:49:07',2,1,'Risk ID \"1002\" was marked as closed by username \"admin\".'),('2015-07-21 06:50:18',0,1,'Username \"admin\" logged in successfully.'),('2015-07-21 06:52:48',-698,1,'A new risk template ID \"302\" was submitted  by username \"admin\".'),('2015-07-21 06:53:15',0,1,'An existing risk template template was deleted by the \"admin\" user.'),('2015-07-21 06:53:50',0,1,'An existing category was removed by the \"admin\" user.'),('2015-07-21 06:54:47',0,1,'An existing category was removed by the \"admin\" user.'),('2015-07-21 07:01:15',0,1,'An existing company was deleted by the \"admin\" user.'),('2015-07-21 07:03:17',0,1,'An existing company was deleted by the \"admin\" user.'),('2015-07-21 07:03:40',0,1,'An existing user was deleted by the \"admin\" user.'),('2015-07-21 07:03:59',0,1,'An existing user was deleted by the \"admin\" user.'),('2015-07-21 07:04:04',0,1,'An existing user was deleted by the \"admin\" user.'),('2015-07-21 07:04:10',0,1,'An existing user was deleted by the \"admin\" user.'),('2015-07-21 07:04:15',0,1,'An existing user was deleted by the \"admin\" user.'),('2015-07-21 07:04:25',0,1,'A password reset request was submitted by the \"admin\" user.');
/*!40000 ALTER TABLE `audit_log` ENABLE KEYS */;
UNLOCK TABLES;

--
-- Table structure for table `category`
--

DROP TABLE IF EXISTS `category`;
/*!40101 SET @saved_cs_client     = @@character_set_client */;
/*!40101 SET character_set_client = utf8 */;
CREATE TABLE `category` (
  `value` int(11) NOT NULL AUTO_INCREMENT,
  `name` varchar(50) NOT NULL,
  PRIMARY KEY (`value`),
  UNIQUE KEY `value_UNIQUE` (`value`)
) ENGINE=InnoDB AUTO_INCREMENT=21 DEFAULT CHARSET=utf8;
/*!40101 SET character_set_client = @saved_cs_client */;

--
-- Dumping data for table `category`
--

LOCK TABLES `category` WRITE;
/*!40000 ALTER TABLE `category` DISABLE KEYS */;
INSERT INTO `category` VALUES (1,'Access Management'),(2,'Environmental Resilience'),(3,'Monitoring'),(4,'Physical Security'),(5,'Policy and Procedure'),(6,'Sensitive Data Management'),(7,'Technical Vulnerability Management'),(8,'Third-Party Management'),(9,'External Penetration Test'),(10,'Internal Penetration Test'),(11,'Social Engineering Assessment'),(12,'Web Application Penetration Test'),(13,'Host Assessment Review'),(15,'Wireless Penetration Test'),(16,'Source Code Review'),(17,'SCADA System Penetration Testing'),(18,'VoIP Penetration Testing & Security Design Assess.');
/*!40000 ALTER TABLE `category` ENABLE KEYS */;
UNLOCK TABLES;

--
-- Table structure for table `close_reason`
--

DROP TABLE IF EXISTS `close_reason`;
/*!40101 SET @saved_cs_client     = @@character_set_client */;
/*!40101 SET character_set_client = utf8 */;
CREATE TABLE `close_reason` (
  `value` int(11) NOT NULL AUTO_INCREMENT,
  `name` varchar(50) NOT NULL,
  PRIMARY KEY (`value`),
  UNIQUE KEY `value_UNIQUE` (`value`)
) ENGINE=InnoDB AUTO_INCREMENT=5 DEFAULT CHARSET=utf8;
/*!40101 SET character_set_client = @saved_cs_client */;

--
-- Dumping data for table `close_reason`
--

LOCK TABLES `close_reason` WRITE;
/*!40000 ALTER TABLE `close_reason` DISABLE KEYS */;
INSERT INTO `close_reason` VALUES (1,'Fully Mitigated'),(2,'System Retired'),(3,'Cancelled'),(4,'Too Insignificant');
/*!40000 ALTER TABLE `close_reason` ENABLE KEYS */;
UNLOCK TABLES;

--
-- Table structure for table `closures`
--

DROP TABLE IF EXISTS `closures`;
/*!40101 SET @saved_cs_client     = @@character_set_client */;
/*!40101 SET character_set_client = utf8 */;
CREATE TABLE `closures` (
  `id` int(11) NOT NULL AUTO_INCREMENT,
  `risk_id` int(11) NOT NULL,
  `user_id` int(11) NOT NULL,
  `closure_date` timestamp NOT NULL DEFAULT CURRENT_TIMESTAMP ON UPDATE CURRENT_TIMESTAMP,
  `close_reason` int(11) NOT NULL,
  `note` text NOT NULL,
  PRIMARY KEY (`id`),
  UNIQUE KEY `id_UNIQUE` (`id`)
) ENGINE=InnoDB AUTO_INCREMENT=11 DEFAULT CHARSET=utf8;
/*!40101 SET character_set_client = @saved_cs_client */;

--
-- Dumping data for table `closures`
--

LOCK TABLES `closures` WRITE;
/*!40000 ALTER TABLE `closures` DISABLE KEYS */;
INSERT INTO `closures` VALUES (1,11,1,'2014-11-21 01:10:19',0,'Risk was closed automatically when the reviewer rejected the risk.'),(2,6,1,'2014-11-24 20:53:58',1,'Recommendation successfully developed.'),(3,4,1,'2014-11-25 21:39:13',0,'Risk was closed automatically when the reviewer rejected the risk.'),(4,5,1,'2014-11-25 21:40:10',0,'Risk was closed automatically when the reviewer rejected the risk.'),(5,7,1,'2015-07-21 01:25:50',1,'Close Risk information'),(6,10,1,'2015-07-21 02:17:17',0,'Risk was closed automatically when the reviewer rejected the risk.'),(7,20,1,'2015-07-21 04:32:17',2,'Close out comments for system retired and administrative services'),(8,2,1,'2015-07-21 04:49:24',0,'Risk was closed automatically when the reviewer rejected the risk.'),(9,20,1,'2015-07-21 05:21:18',1,'Fully mitigated Admin Service'),(10,2,1,'2015-07-21 05:49:07',3,'WWWW');
/*!40000 ALTER TABLE `closures` ENABLE KEYS */;
UNLOCK TABLES;

--
-- Table structure for table `comments`
--

DROP TABLE IF EXISTS `comments`;
/*!40101 SET @saved_cs_client     = @@character_set_client */;
/*!40101 SET character_set_client = utf8 */;
CREATE TABLE `comments` (
  `id` int(11) NOT NULL AUTO_INCREMENT,
  `risk_id` int(11) NOT NULL,
  `date` timestamp NOT NULL DEFAULT CURRENT_TIMESTAMP ON UPDATE CURRENT_TIMESTAMP,
  `user` int(11) NOT NULL,
  `comment` text NOT NULL,
  PRIMARY KEY (`id`),
  UNIQUE KEY `id_UNIQUE` (`id`),
  KEY `fk_comments_risk_idx` (`risk_id`),
  CONSTRAINT `fk_comments_risk` FOREIGN KEY (`risk_id`) REFERENCES `risks` (`id`) ON DELETE CASCADE ON UPDATE CASCADE
) ENGINE=InnoDB AUTO_INCREMENT=6 DEFAULT CHARSET=utf8;
/*!40101 SET character_set_client = @saved_cs_client */;

--
-- Dumping data for table `comments`
--

LOCK TABLES `comments` WRITE;
/*!40000 ALTER TABLE `comments` DISABLE KEYS */;
/*!40000 ALTER TABLE `comments` ENABLE KEYS */;
UNLOCK TABLES;

--
-- Table structure for table `company`
--

DROP TABLE IF EXISTS `company`;
/*!40101 SET @saved_cs_client     = @@character_set_client */;
/*!40101 SET character_set_client = utf8 */;
CREATE TABLE `company` (
  `value` int(10) NOT NULL AUTO_INCREMENT,
  `name` tinytext NOT NULL,
  `address` text,
  `zip` mediumint(8) unsigned DEFAULT NULL,
  `country` int(11) NOT NULL,
  `contactemail` tinytext NOT NULL,
  `contactname` tinytext NOT NULL,
  `startdate` datetime NOT NULL,
  `updatedate` datetime NOT NULL,
  PRIMARY KEY (`value`),
  UNIQUE KEY `value` (`value`),
  KEY `fk_company_country_idx` (`country`),
  CONSTRAINT `fk_company_country` FOREIGN KEY (`country`) REFERENCES `country` (`value`) ON UPDATE CASCADE
) ENGINE=InnoDB AUTO_INCREMENT=4 DEFAULT CHARSET=utf8;
/*!40101 SET character_set_client = @saved_cs_client */;

--
-- Dumping data for table `company`
--

LOCK TABLES `company` WRITE;
/*!40000 ALTER TABLE `company` DISABLE KEYS */;
INSERT INTO `company` VALUES (2,'HackLabs','Level 29, Chifley Tower 2 Chifley Square  Suite',2000,3,'info@hacklabs.com','Chris Gatford','2014-07-10 11:05:33','2014-07-10 11:05:33');
/*!40000 ALTER TABLE `company` ENABLE KEYS */;
UNLOCK TABLES;

--
-- Table structure for table `country`
--

DROP TABLE IF EXISTS `country`;
/*!40101 SET @saved_cs_client     = @@character_set_client */;
/*!40101 SET character_set_client = utf8 */;
CREATE TABLE `country` (
  `value` int(10) NOT NULL AUTO_INCREMENT,
  `name` text NOT NULL,
  PRIMARY KEY (`value`),
  UNIQUE KEY `value_UNIQUE` (`value`)
) ENGINE=InnoDB AUTO_INCREMENT=4 DEFAULT CHARSET=utf8;
/*!40101 SET character_set_client = @saved_cs_client */;

--
-- Dumping data for table `country`
--

LOCK TABLES `country` WRITE;
/*!40000 ALTER TABLE `country` DISABLE KEYS */;
INSERT INTO `country` VALUES (1,'USA'),(2,'UK'),(3,'Australia');
/*!40000 ALTER TABLE `country` ENABLE KEYS */;
UNLOCK TABLES;

--
-- Table structure for table `impact`
--

DROP TABLE IF EXISTS `impact`;
/*!40101 SET @saved_cs_client     = @@character_set_client */;
/*!40101 SET character_set_client = utf8 */;
CREATE TABLE `impact` (
  `name` varchar(20) NOT NULL,
  `value` int(11) NOT NULL
) ENGINE=InnoDB DEFAULT CHARSET=utf8;
/*!40101 SET character_set_client = @saved_cs_client */;

--
-- Dumping data for table `impact`
--

LOCK TABLES `impact` WRITE;
/*!40000 ALTER TABLE `impact` DISABLE KEYS */;
INSERT INTO `impact` VALUES ('Insignificant',1),('Minor',2),('Moderate',3),('Major',4),('Extreme/Catastrophic',5);
/*!40000 ALTER TABLE `impact` ENABLE KEYS */;
UNLOCK TABLES;

--
-- Table structure for table `languages`
--

DROP TABLE IF EXISTS `languages`;
/*!40101 SET @saved_cs_client     = @@character_set_client */;
/*!40101 SET character_set_client = utf8 */;
CREATE TABLE `languages` (
  `value` int(11) NOT NULL AUTO_INCREMENT,
  `name` varchar(2) NOT NULL,
  `full` varchar(50) NOT NULL,
  PRIMARY KEY (`value`),
  UNIQUE KEY `value_UNIQUE` (`value`)
) ENGINE=InnoDB AUTO_INCREMENT=3 DEFAULT CHARSET=utf8;
/*!40101 SET character_set_client = @saved_cs_client */;

--
-- Dumping data for table `languages`
--

LOCK TABLES `languages` WRITE;
/*!40000 ALTER TABLE `languages` DISABLE KEYS */;
INSERT INTO `languages` VALUES (1,'en','English');
/*!40000 ALTER TABLE `languages` ENABLE KEYS */;
UNLOCK TABLES;

--
-- Table structure for table `likelihood`
--

DROP TABLE IF EXISTS `likelihood`;
/*!40101 SET @saved_cs_client     = @@character_set_client */;
/*!40101 SET character_set_client = utf8 */;
CREATE TABLE `likelihood` (
  `name` varchar(20) NOT NULL,
  `value` int(11) NOT NULL
) ENGINE=InnoDB DEFAULT CHARSET=utf8;
/*!40101 SET character_set_client = @saved_cs_client */;

--
-- Dumping data for table `likelihood`
--

LOCK TABLES `likelihood` WRITE;
/*!40000 ALTER TABLE `likelihood` DISABLE KEYS */;
INSERT INTO `likelihood` VALUES ('Credible',1),('Likely',2),('Almost Certain',3),('Certain',4);
/*!40000 ALTER TABLE `likelihood` ENABLE KEYS */;
UNLOCK TABLES;

--
-- Table structure for table `location`
--

DROP TABLE IF EXISTS `location`;
/*!40101 SET @saved_cs_client     = @@character_set_client */;
/*!40101 SET character_set_client = utf8 */;
CREATE TABLE `location` (
  `value` int(11) NOT NULL AUTO_INCREMENT,
  `name` varchar(100) NOT NULL,
  PRIMARY KEY (`value`),
  UNIQUE KEY `value_UNIQUE` (`value`)
) ENGINE=InnoDB AUTO_INCREMENT=2 DEFAULT CHARSET=utf8;
/*!40101 SET character_set_client = @saved_cs_client */;

--
-- Dumping data for table `location`
--

LOCK TABLES `location` WRITE;
/*!40000 ALTER TABLE `location` DISABLE KEYS */;
INSERT INTO `location` VALUES (1,'All Sites');
/*!40000 ALTER TABLE `location` ENABLE KEYS */;
UNLOCK TABLES;

--
-- Table structure for table `mgmt_reviews`
--

DROP TABLE IF EXISTS `mgmt_reviews`;
/*!40101 SET @saved_cs_client     = @@character_set_client */;
/*!40101 SET character_set_client = utf8 */;
CREATE TABLE `mgmt_reviews` (
  `id` int(11) NOT NULL AUTO_INCREMENT,
  `risk_id` int(11) NOT NULL,
  `submission_date` timestamp NOT NULL DEFAULT CURRENT_TIMESTAMP ON UPDATE CURRENT_TIMESTAMP,
  `review` int(11) NOT NULL,
  `reviewer` int(11) NOT NULL,
  `next_step` int(11) DEFAULT NULL,
  `comments` text NOT NULL,
  PRIMARY KEY (`id`),
  UNIQUE KEY `id_UNIQUE` (`id`),
  KEY `fk_mgmt_rev_nxtstp_idx` (`next_step`),
  KEY `fk_mgmt_review_idx` (`review`),
  CONSTRAINT `fk_mgmt_review` FOREIGN KEY (`review`) REFERENCES `review` (`value`) ON DELETE NO ACTION ON UPDATE CASCADE,
  CONSTRAINT `fk_mgmt_rev_nxtstp` FOREIGN KEY (`next_step`) REFERENCES `next_step` (`value`) ON DELETE SET NULL ON UPDATE CASCADE
) ENGINE=InnoDB AUTO_INCREMENT=12 DEFAULT CHARSET=utf8;
/*!40101 SET character_set_client = @saved_cs_client */;

--
-- Dumping data for table `mgmt_reviews`
--

LOCK TABLES `mgmt_reviews` WRITE;
/*!40000 ALTER TABLE `mgmt_reviews` DISABLE KEYS */;
INSERT INTO `mgmt_reviews` VALUES (1,2,'2014-11-17 22:41:35',1,1,1,''),(2,10,'2014-11-21 01:09:45',1,1,2,''),(3,11,'2014-11-21 01:10:19',2,1,1,''),(4,18,'2014-11-24 22:08:01',1,1,2,''),(5,4,'2014-11-25 21:39:13',2,1,2,'FFFFFFF'),(6,5,'2014-11-25 21:40:10',2,1,2,'qqqqqq'),(7,3,'2014-11-25 22:25:04',1,1,1,'TESRRRRR'),(8,10,'2015-07-21 02:17:17',2,1,3,'Comments'),(9,13,'2015-07-21 02:18:05',1,1,1,'test'),(10,19,'2015-07-21 04:26:48',1,1,1,'Comments Test Review'),(11,2,'2015-07-21 04:49:24',2,1,2,'');
/*!40000 ALTER TABLE `mgmt_reviews` ENABLE KEYS */;
UNLOCK TABLES;

--
-- Table structure for table `mitigation_effort`
--

DROP TABLE IF EXISTS `mitigation_effort`;
/*!40101 SET @saved_cs_client     = @@character_set_client */;
/*!40101 SET character_set_client = utf8 */;
CREATE TABLE `mitigation_effort` (
  `value` int(11) NOT NULL AUTO_INCREMENT,
  `name` varchar(20) NOT NULL,
  PRIMARY KEY (`value`),
  UNIQUE KEY `value_UNIQUE` (`value`)
) ENGINE=InnoDB AUTO_INCREMENT=6 DEFAULT CHARSET=utf8;
/*!40101 SET character_set_client = @saved_cs_client */;

--
-- Dumping data for table `mitigation_effort`
--

LOCK TABLES `mitigation_effort` WRITE;
/*!40000 ALTER TABLE `mitigation_effort` DISABLE KEYS */;
INSERT INTO `mitigation_effort` VALUES (1,'Trivial'),(2,'Minor'),(3,'Considerable'),(4,'Significant'),(5,'Exceptional');
/*!40000 ALTER TABLE `mitigation_effort` ENABLE KEYS */;
UNLOCK TABLES;

--
-- Table structure for table `mitigations`
--

DROP TABLE IF EXISTS `mitigations`;
/*!40101 SET @saved_cs_client     = @@character_set_client */;
/*!40101 SET character_set_client = utf8 */;
CREATE TABLE `mitigations` (
  `id` int(11) NOT NULL AUTO_INCREMENT,
  `risk_id` int(11) NOT NULL,
  `submission_date` timestamp NOT NULL DEFAULT CURRENT_TIMESTAMP,
  `last_update` timestamp NOT NULL DEFAULT '0000-00-00 00:00:00',
  `planning_strategy` int(11) NOT NULL,
  `mitigation_effort` int(11) NOT NULL,
  `current_solution` text NOT NULL,
  `security_requirements` text NOT NULL,
  `security_recommendations` text NOT NULL,
  `submitted_by` int(11) NOT NULL DEFAULT '1',
  PRIMARY KEY (`id`),
  UNIQUE KEY `id_UNIQUE` (`id`),
  KEY `FK_mitigation_effort_idx` (`mitigation_effort`),
  KEY `FK_planning_strategy_idx` (`planning_strategy`),
  CONSTRAINT `FK_planning_strategy` FOREIGN KEY (`planning_strategy`) REFERENCES `planning_strategy` (`value`) ON UPDATE CASCADE,
  CONSTRAINT `FK_mitigation_effort` FOREIGN KEY (`mitigation_effort`) REFERENCES `mitigation_effort` (`value`) ON UPDATE CASCADE
) ENGINE=InnoDB AUTO_INCREMENT=22 DEFAULT CHARSET=utf8;
/*!40101 SET character_set_client = @saved_cs_client */;

--
-- Dumping data for table `mitigations`
--

LOCK TABLES `mitigations` WRITE;
/*!40000 ALTER TABLE `mitigations` DISABLE KEYS */;
INSERT INTO `mitigations` VALUES (1,2,'2014-11-17 22:38:28','2014-11-21 01:02:08',2,1,'Catcha from google implementation','jQuery','Last Update',1),(2,10,'2014-11-21 00:49:09','0000-00-00 00:00:00',2,2,'','','',1),(3,12,'2014-11-21 01:10:56','0000-00-00 00:00:00',2,2,'','','',1),(4,12,'2014-11-21 01:13:53','0000-00-00 00:00:00',2,2,'','','',1),(5,6,'2014-11-21 01:14:25','0000-00-00 00:00:00',1,2,'','','',1),(6,6,'2014-11-21 01:17:48','0000-00-00 00:00:00',1,2,'','','',1),(7,6,'2014-11-21 01:18:11','0000-00-00 00:00:00',1,2,'','','',1),(8,4,'2014-11-21 01:22:17','0000-00-00 00:00:00',3,2,'','','',1),(9,4,'2014-11-21 01:22:36','0000-00-00 00:00:00',3,2,'','','',1),(10,18,'2014-11-24 21:59:45','0000-00-00 00:00:00',1,3,'','','',1),(11,18,'2014-11-24 22:00:26','0000-00-00 00:00:00',2,3,'','','',1),(12,18,'2014-11-24 22:04:19','0000-00-00 00:00:00',2,3,'','','',1),(14,3,'2014-11-25 21:17:47','2014-11-25 21:24:52',3,4,'Filter all extension files except txt and bpm','Apache set up configuration\r\nconfig.ini','OWASP best practices\r\nCREST',1),(15,3,'2014-11-25 21:23:04','2014-11-25 21:24:52',3,4,'Filter all extension files except txt and bpm','Apache set up configuration\r\nconfig.ini','OWASP best practices\r\nCREST',1),(16,3,'2014-11-25 21:23:31','2014-11-25 21:24:52',3,4,'Filter all extension files except txt and bpm','Apache set up configuration\r\nconfig.ini','OWASP best practices\r\nCREST',1),(17,3,'2014-11-25 21:27:13','0000-00-00 00:00:00',4,4,'Filter all extension files except txt and bpm','Apache set up configuration\r\nconfig.ini','OWASP best practices\r\nCREST',1),(18,5,'2014-11-25 21:28:00','2014-11-25 21:28:55',2,4,'EEEE','SSSSS','QQQQQ',1),(19,5,'2014-11-25 21:28:37','2014-11-25 21:28:55',2,4,'EEEE','SSSSS','QQQQQ',1),(20,5,'2014-11-25 21:29:01','0000-00-00 00:00:00',3,5,'AAAAAA','SSSSS','QQQQQ',1),(21,19,'2015-07-21 04:25:42','2015-07-21 04:26:09',2,1,'Currrent Test','Security Test','Security Recom Test',1);
/*!40000 ALTER TABLE `mitigations` ENABLE KEYS */;
UNLOCK TABLES;

--
-- Table structure for table `next_step`
--

DROP TABLE IF EXISTS `next_step`;
/*!40101 SET @saved_cs_client     = @@character_set_client */;
/*!40101 SET character_set_client = utf8 */;
CREATE TABLE `next_step` (
  `value` int(11) NOT NULL AUTO_INCREMENT,
  `name` varchar(50) NOT NULL,
  PRIMARY KEY (`value`),
  UNIQUE KEY `value_UNIQUE` (`value`)
) ENGINE=InnoDB AUTO_INCREMENT=4 DEFAULT CHARSET=utf8;
/*!40101 SET character_set_client = @saved_cs_client */;

--
-- Dumping data for table `next_step`
--

LOCK TABLES `next_step` WRITE;
/*!40000 ALTER TABLE `next_step` DISABLE KEYS */;
INSERT INTO `next_step` VALUES (1,'Accept Until Next Review'),(2,'Consider for Project'),(3,'Submit as a Production Issue');
/*!40000 ALTER TABLE `next_step` ENABLE KEYS */;
UNLOCK TABLES;

--
-- Table structure for table `password_reset`
--

DROP TABLE IF EXISTS `password_reset`;
/*!40101 SET @saved_cs_client     = @@character_set_client */;
/*!40101 SET character_set_client = utf8 */;
CREATE TABLE `password_reset` (
  `username` varchar(20) NOT NULL,
  `token` varchar(20) NOT NULL,
  `attempts` int(11) NOT NULL DEFAULT '0',
  `timestamp` timestamp NOT NULL DEFAULT CURRENT_TIMESTAMP
) ENGINE=InnoDB DEFAULT CHARSET=utf8;
/*!40101 SET character_set_client = @saved_cs_client */;

--
-- Dumping data for table `password_reset`
--

LOCK TABLES `password_reset` WRITE;
/*!40000 ALTER TABLE `password_reset` DISABLE KEYS */;
INSERT INTO `password_reset` VALUES ('david','iakMilGv7fgsJl2BeDyn',0,'2015-07-21 07:04:25');
/*!40000 ALTER TABLE `password_reset` ENABLE KEYS */;
UNLOCK TABLES;

--
-- Table structure for table `planning_strategy`
--

DROP TABLE IF EXISTS `planning_strategy`;
/*!40101 SET @saved_cs_client     = @@character_set_client */;
/*!40101 SET character_set_client = utf8 */;
CREATE TABLE `planning_strategy` (
  `value` int(11) NOT NULL AUTO_INCREMENT,
  `name` varchar(20) NOT NULL,
  PRIMARY KEY (`value`),
  UNIQUE KEY `value_UNIQUE` (`value`)
) ENGINE=InnoDB AUTO_INCREMENT=5 DEFAULT CHARSET=utf8;
/*!40101 SET character_set_client = @saved_cs_client */;

--
-- Dumping data for table `planning_strategy`
--

LOCK TABLES `planning_strategy` WRITE;
/*!40000 ALTER TABLE `planning_strategy` DISABLE KEYS */;
INSERT INTO `planning_strategy` VALUES (1,'Research'),(2,'Accept'),(3,'Mitigate'),(4,'Watch');
/*!40000 ALTER TABLE `planning_strategy` ENABLE KEYS */;
UNLOCK TABLES;

--
-- Table structure for table `project`
--

DROP TABLE IF EXISTS `project`;
/*!40101 SET @saved_cs_client     = @@character_set_client */;
/*!40101 SET character_set_client = utf8 */;
CREATE TABLE `project` (
  `value` int(10) NOT NULL AUTO_INCREMENT,
  `name` tinytext NOT NULL,
  `creation` datetime NOT NULL,
  `company_id` int(10) DEFAULT NULL,
  `category_id` int(10) DEFAULT NULL,
  PRIMARY KEY (`value`),
  UNIQUE KEY `value_UNIQUE` (`value`),
  KEY `fk_project_company_idx` (`company_id`),
  KEY `fk_project_category_idx` (`category_id`),
  CONSTRAINT `fk_project_category` FOREIGN KEY (`category_id`) REFERENCES `category` (`value`) ON DELETE NO ACTION ON UPDATE CASCADE,
  CONSTRAINT `fk_project_company` FOREIGN KEY (`company_id`) REFERENCES `company` (`value`) ON DELETE CASCADE ON UPDATE CASCADE
) ENGINE=InnoDB AUTO_INCREMENT=12 DEFAULT CHARSET=utf8;
/*!40101 SET character_set_client = @saved_cs_client */;

--
-- Dumping data for table `project`
--

LOCK TABLES `project` WRITE;
/*!40000 ALTER TABLE `project` DISABLE KEYS */;
/*!40000 ALTER TABLE `project` ENABLE KEYS */;
UNLOCK TABLES;

--
-- Table structure for table `project_client`
--

DROP TABLE IF EXISTS `project_client`;
/*!40101 SET @saved_cs_client     = @@character_set_client */;
/*!40101 SET character_set_client = utf8 */;
CREATE TABLE `project_client` (
  `value` int(11) NOT NULL AUTO_INCREMENT,
  `user` int(11) NOT NULL,
  `project` int(11) NOT NULL,
  `creation` datetime NOT NULL,
  `update` datetime NOT NULL,
  PRIMARY KEY (`value`),
  UNIQUE KEY `value_UNIQUE` (`value`),
  KEY `fk_project-client_user_idx` (`user`),
  KEY `fk_project-client_project_idx` (`project`),
  CONSTRAINT `fk_project-client_project` FOREIGN KEY (`project`) REFERENCES `project` (`value`) ON DELETE CASCADE ON UPDATE CASCADE,
  CONSTRAINT `fk_project-client_user` FOREIGN KEY (`user`) REFERENCES `user` (`value`) ON DELETE CASCADE ON UPDATE CASCADE
) ENGINE=InnoDB AUTO_INCREMENT=3 DEFAULT CHARSET=utf8;
/*!40101 SET character_set_client = @saved_cs_client */;

--
-- Dumping data for table `project_client`
--

LOCK TABLES `project_client` WRITE;
/*!40000 ALTER TABLE `project_client` DISABLE KEYS */;
/*!40000 ALTER TABLE `project_client` ENABLE KEYS */;
UNLOCK TABLES;

--
-- Table structure for table `project_version`
--

DROP TABLE IF EXISTS `project_version`;
/*!40101 SET @saved_cs_client     = @@character_set_client */;
/*!40101 SET character_set_client = utf8 */;
CREATE TABLE `project_version` (
  `value` int(11) NOT NULL AUTO_INCREMENT,
  `name` float NOT NULL,
  `project_id` int(11) NOT NULL,
  `creation` datetime NOT NULL,
  PRIMARY KEY (`value`),
  KEY `fk_project_version_project` (`project_id`),
  CONSTRAINT `fk_project_version_project` FOREIGN KEY (`project_id`) REFERENCES `project` (`value`) ON DELETE CASCADE ON UPDATE CASCADE
) ENGINE=InnoDB AUTO_INCREMENT=6 DEFAULT CHARSET=utf8;
/*!40101 SET character_set_client = @saved_cs_client */;

--
-- Dumping data for table `project_version`
--

LOCK TABLES `project_version` WRITE;
/*!40000 ALTER TABLE `project_version` DISABLE KEYS */;
/*!40000 ALTER TABLE `project_version` ENABLE KEYS */;
UNLOCK TABLES;

--
-- Table structure for table `regulation`
--

DROP TABLE IF EXISTS `regulation`;
/*!40101 SET @saved_cs_client     = @@character_set_client */;
/*!40101 SET character_set_client = utf8 */;
CREATE TABLE `regulation` (
  `value` int(11) NOT NULL AUTO_INCREMENT,
  `name` varchar(50) NOT NULL,
  PRIMARY KEY (`value`),
  UNIQUE KEY `value_UNIQUE` (`value`)
) ENGINE=InnoDB AUTO_INCREMENT=5 DEFAULT CHARSET=utf8;
/*!40101 SET character_set_client = @saved_cs_client */;

--
-- Dumping data for table `regulation`
--

LOCK TABLES `regulation` WRITE;
/*!40000 ALTER TABLE `regulation` DISABLE KEYS */;
INSERT INTO `regulation` VALUES (1,'PCI DSS'),(2,'Sarbanes-Oxley (SOX)'),(3,'HIPAA'),(4,'ISO 27001');
/*!40000 ALTER TABLE `regulation` ENABLE KEYS */;
UNLOCK TABLES;

--
-- Table structure for table `review`
--

DROP TABLE IF EXISTS `review`;
/*!40101 SET @saved_cs_client     = @@character_set_client */;
/*!40101 SET character_set_client = utf8 */;
CREATE TABLE `review` (
  `value` int(11) NOT NULL AUTO_INCREMENT,
  `name` varchar(20) NOT NULL,
  PRIMARY KEY (`value`),
  UNIQUE KEY `value_UNIQUE` (`value`)
) ENGINE=InnoDB AUTO_INCREMENT=3 DEFAULT CHARSET=utf8;
/*!40101 SET character_set_client = @saved_cs_client */;

--
-- Dumping data for table `review`
--

LOCK TABLES `review` WRITE;
/*!40000 ALTER TABLE `review` DISABLE KEYS */;
INSERT INTO `review` VALUES (1,'Approve Risk'),(2,'Reject Risk');
/*!40000 ALTER TABLE `review` ENABLE KEYS */;
UNLOCK TABLES;

--
-- Table structure for table `review_levels`
--

DROP TABLE IF EXISTS `review_levels`;
/*!40101 SET @saved_cs_client     = @@character_set_client */;
/*!40101 SET character_set_client = utf8 */;
CREATE TABLE `review_levels` (
  `value` int(11) NOT NULL,
  `name` varchar(20) NOT NULL
) ENGINE=InnoDB DEFAULT CHARSET=utf8;
/*!40101 SET character_set_client = @saved_cs_client */;

--
-- Dumping data for table `review_levels`
--

LOCK TABLES `review_levels` WRITE;
/*!40000 ALTER TABLE `review_levels` DISABLE KEYS */;
INSERT INTO `review_levels` VALUES (90,'High'),(180,'Medium'),(360,'Low'),(30,'Critical');
/*!40000 ALTER TABLE `review_levels` ENABLE KEYS */;
UNLOCK TABLES;

--
-- Table structure for table `risk_levels`
--

DROP TABLE IF EXISTS `risk_levels`;
/*!40101 SET @saved_cs_client     = @@character_set_client */;
/*!40101 SET character_set_client = utf8 */;
CREATE TABLE `risk_levels` (
  `value` int(11) NOT NULL,
  `name` varchar(20) NOT NULL
) ENGINE=InnoDB DEFAULT CHARSET=utf8;
/*!40101 SET character_set_client = @saved_cs_client */;

--
-- Dumping data for table `risk_levels`
--

LOCK TABLES `risk_levels` WRITE;
/*!40000 ALTER TABLE `risk_levels` DISABLE KEYS */;
INSERT INTO `risk_levels` VALUES (4,'High'),(3,'Medium'),(2,'Low'),(5,'Critical'),(1,'Irrelevant');
/*!40000 ALTER TABLE `risk_levels` ENABLE KEYS */;
UNLOCK TABLES;

--
-- Table structure for table `risk_models`
--

DROP TABLE IF EXISTS `risk_models`;
/*!40101 SET @saved_cs_client     = @@character_set_client */;
/*!40101 SET character_set_client = utf8 */;
CREATE TABLE `risk_models` (
  `value` int(11) NOT NULL,
  `name` varchar(50) NOT NULL
) ENGINE=InnoDB DEFAULT CHARSET=utf8;
/*!40101 SET character_set_client = @saved_cs_client */;

--
-- Dumping data for table `risk_models`
--

LOCK TABLES `risk_models` WRITE;
/*!40000 ALTER TABLE `risk_models` DISABLE KEYS */;
INSERT INTO `risk_models` VALUES (1,'Likelihood x Impact + 2(Impact)'),(2,'Likelihood x Impact + Impact'),(3,'Likelihood x Impact'),(4,'Likelihood x Impact + Likelihood'),(5,'Likelihood x Impact + 2(Likelihood)'),(6,'HackLabs Risk Formula');
/*!40000 ALTER TABLE `risk_models` ENABLE KEYS */;
UNLOCK TABLES;

--
-- Table structure for table `risk_scoring`
--

DROP TABLE IF EXISTS `risk_scoring`;
/*!40101 SET @saved_cs_client     = @@character_set_client */;
/*!40101 SET character_set_client = utf8 */;
CREATE TABLE `risk_scoring` (
  `id` int(11) NOT NULL,
  `scoring_method` int(11) NOT NULL,
  `calculated_risk` float NOT NULL,
  `CLASSIC_likelihood` float NOT NULL DEFAULT '5',
  `CLASSIC_impact` float NOT NULL DEFAULT '5',
  `CVSS_AccessVector` varchar(3) NOT NULL DEFAULT 'N',
  `CVSS_AccessComplexity` varchar(3) NOT NULL DEFAULT 'L',
  `CVSS_Authentication` varchar(3) NOT NULL DEFAULT 'N',
  `CVSS_ConfImpact` varchar(3) NOT NULL DEFAULT 'C',
  `CVSS_IntegImpact` varchar(3) NOT NULL DEFAULT 'C',
  `CVSS_AvailImpact` varchar(3) NOT NULL DEFAULT 'C',
  `CVSS_Exploitability` varchar(3) NOT NULL DEFAULT 'ND',
  `CVSS_RemediationLevel` varchar(3) NOT NULL DEFAULT 'ND',
  `CVSS_ReportConfidence` varchar(3) NOT NULL DEFAULT 'ND',
  `CVSS_CollateralDamagePotential` varchar(3) NOT NULL DEFAULT 'ND',
  `CVSS_TargetDistribution` varchar(3) NOT NULL DEFAULT 'ND',
  `CVSS_ConfidentialityRequirement` varchar(3) NOT NULL DEFAULT 'ND',
  `CVSS_IntegrityRequirement` varchar(3) NOT NULL DEFAULT 'ND',
  `CVSS_AvailabilityRequirement` varchar(3) NOT NULL DEFAULT 'ND',
  `DREAD_DamagePotential` int(11) DEFAULT '10',
  `DREAD_Reproducibility` int(11) DEFAULT '10',
  `DREAD_Exploitability` int(11) DEFAULT '10',
  `DREAD_AffectedUsers` int(11) DEFAULT '10',
  `DREAD_Discoverability` int(11) DEFAULT '10',
  `OWASP_SkillLevel` int(11) DEFAULT '10',
  `OWASP_Motive` int(11) DEFAULT '10',
  `OWASP_Opportunity` int(11) DEFAULT '10',
  `OWASP_Size` int(11) DEFAULT '10',
  `OWASP_EaseOfDiscovery` int(11) DEFAULT '10',
  `OWASP_EaseOfExploit` int(11) DEFAULT '10',
  `OWASP_Awareness` int(11) DEFAULT '10',
  `OWASP_IntrusionDetection` int(11) DEFAULT '10',
  `OWASP_LossOfConfidentiality` int(11) DEFAULT '10',
  `OWASP_LossOfIntegrity` int(11) DEFAULT '10',
  `OWASP_LossOfAvailability` int(11) DEFAULT '10',
  `OWASP_LossOfAccountability` int(11) DEFAULT '10',
  `OWASP_FinancialDamage` int(11) DEFAULT '10',
  `OWASP_ReputationDamage` int(11) DEFAULT '10',
  `OWASP_NonCompliance` int(11) DEFAULT '10',
  `OWASP_PrivacyViolation` int(11) DEFAULT '10',
  `Custom` float DEFAULT '10',
  PRIMARY KEY (`id`),
  UNIQUE KEY `id` (`id`)
) ENGINE=InnoDB DEFAULT CHARSET=utf8;
/*!40101 SET character_set_client = @saved_cs_client */;

--
-- Dumping data for table `risk_scoring`
--

LOCK TABLES `risk_scoring` WRITE;
/*!40000 ALTER TABLE `risk_scoring` DISABLE KEYS */;
INSERT INTO `risk_scoring` VALUES (1,5,3,5,5,'N','L','N','C','C','C','ND','ND','ND','ND','ND','ND','ND','ND',10,10,10,10,10,10,10,10,10,10,10,10,10,10,10,10,10,10,10,10,10,3),(2,5,3,5,5,'N','L','N','C','C','C','ND','ND','ND','ND','ND','ND','ND','ND',10,10,10,10,10,10,10,10,10,10,10,10,10,10,10,10,10,10,10,10,10,3),(3,5,5,5,5,'N','L','N','C','C','C','ND','ND','ND','ND','ND','ND','ND','ND',10,10,10,10,10,10,10,10,10,10,10,10,10,10,10,10,10,10,10,10,10,5),(4,5,4,5,5,'N','L','N','C','C','C','ND','ND','ND','ND','ND','ND','ND','ND',10,10,10,10,10,10,10,10,10,10,10,10,10,10,10,10,10,10,10,10,10,4),(5,5,4,5,5,'N','L','N','C','C','C','ND','ND','ND','ND','ND','ND','ND','ND',10,10,10,10,10,10,10,10,10,10,10,10,10,10,10,10,10,10,10,10,10,4),(6,5,3,5,5,'N','L','N','C','C','C','ND','ND','ND','ND','ND','ND','ND','ND',10,10,10,10,10,10,10,10,10,10,10,10,10,10,10,10,10,10,10,10,10,3),(7,5,3,5,5,'N','L','N','C','C','C','ND','ND','ND','ND','ND','ND','ND','ND',10,10,10,10,10,10,10,10,10,10,10,10,10,10,10,10,10,10,10,10,10,3),(8,5,2,5,5,'N','L','N','C','C','C','ND','ND','ND','ND','ND','ND','ND','ND',10,10,10,10,10,10,10,10,10,10,10,10,10,10,10,10,10,10,10,10,10,2),(9,5,2,5,5,'N','L','N','C','C','C','ND','ND','ND','ND','ND','ND','ND','ND',10,10,10,10,10,10,10,10,10,10,10,10,10,10,10,10,10,10,10,10,10,2),(10,5,3,5,5,'N','L','N','C','C','C','ND','ND','ND','ND','ND','ND','ND','ND',10,10,10,10,10,10,10,10,10,10,10,10,10,10,10,10,10,10,10,10,10,3),(11,5,3,5,5,'N','L','N','C','C','C','ND','ND','ND','ND','ND','ND','ND','ND',10,10,10,10,10,10,10,10,10,10,10,10,10,10,10,10,10,10,10,10,10,3),(12,5,3,5,5,'N','L','N','C','C','C','ND','ND','ND','ND','ND','ND','ND','ND',10,10,10,10,10,10,10,10,10,10,10,10,10,10,10,10,10,10,10,10,10,3),(13,5,3,5,5,'N','L','N','C','C','C','ND','ND','ND','ND','ND','ND','ND','ND',10,10,10,10,10,10,10,10,10,10,10,10,10,10,10,10,10,10,10,10,10,3),(14,5,3,5,5,'N','L','N','C','C','C','ND','ND','ND','ND','ND','ND','ND','ND',10,10,10,10,10,10,10,10,10,10,10,10,10,10,10,10,10,10,10,10,10,3),(15,5,2,5,5,'N','L','N','C','C','C','ND','ND','ND','ND','ND','ND','ND','ND',10,10,10,10,10,10,10,10,10,10,10,10,10,10,10,10,10,10,10,10,10,2),(16,5,2,5,5,'N','L','N','C','C','C','ND','ND','ND','ND','ND','ND','ND','ND',10,10,10,10,10,10,10,10,10,10,10,10,10,10,10,10,10,10,10,10,10,2),(17,5,3,5,5,'N','L','N','C','C','C','ND','ND','ND','ND','ND','ND','ND','ND',10,10,10,10,10,10,10,10,10,10,10,10,10,10,10,10,10,10,10,10,10,3),(18,5,2,5,5,'N','L','N','C','C','C','ND','ND','ND','ND','ND','ND','ND','ND',10,10,10,10,10,10,10,10,10,10,10,10,10,10,10,10,10,10,10,10,10,2),(19,5,5,5,5,'N','L','N','C','C','C','ND','ND','ND','ND','ND','ND','ND','ND',10,10,10,10,10,10,10,10,10,10,10,10,10,10,10,10,10,10,10,10,10,5),(20,5,4,5,5,'N','L','N','C','C','C','ND','ND','ND','ND','ND','ND','ND','ND',10,10,10,10,10,10,10,10,10,10,10,10,10,10,10,10,10,10,10,10,10,4);
/*!40000 ALTER TABLE `risk_scoring` ENABLE KEYS */;
UNLOCK TABLES;

--
-- Table structure for table `risk_template`
--

DROP TABLE IF EXISTS `risk_template`;
/*!40101 SET @saved_cs_client     = @@character_set_client */;
/*!40101 SET character_set_client = utf8 */;
CREATE TABLE `risk_template` (
  `value` int(11) NOT NULL AUTO_INCREMENT,
  `name` varchar(100) NOT NULL,
  `description` text,
  `impact` text,
  `detail` text,
  `recommendation` text,
  `creation` datetime NOT NULL,
  `modification` datetime NOT NULL,
  `category_id` int(11) NOT NULL DEFAULT '12',
  PRIMARY KEY (`value`),
  KEY `FK_category_id_idx` (`category_id`),
  CONSTRAINT `FK_category_id` FOREIGN KEY (`category_id`) REFERENCES `category` (`value`) ON DELETE CASCADE ON UPDATE CASCADE
) ENGINE=InnoDB AUTO_INCREMENT=303 DEFAULT CHARSET=utf8;
/*!40101 SET character_set_client = @saved_cs_client */;

--
-- Dumping data for table `risk_template`
--

LOCK TABLES `risk_template` WRITE;
/*!40000 ALTER TABLE `risk_template` DISABLE KEYS */;
INSERT INTO `risk_template` VALUES (157,'Business Logic Bypass \n','An attacker can circumvent the workflow to disrupt the intended business logic.\n\n','Business logic can have security flaws that allow a malicious user to perform actions that are not allowed by the business. An attacker may manipulate these flaws to bypass the intended application workflow. The exploitability depends on the services provided by the application. For example, a malicious user who can set the price of a product on an e-commerce site as a negative number may result in funds being credited to the attacker.\n\n',NULL,'Ensure that all user-supplied data is properly validated before business logic is applied. Verify that client requests follow the intended application workflow and that the application enforces the business logic on the server side. \n\n','2015-07-16 12:34:53','2015-07-16 12:34:53',12),(158,'Administrative Services with Weak Passwords\n','Administrative services were found to be set up with weak passwords.\n\n','Having administrative accounts configured with weak passwords can lead an attacker to successfully brute forcing the login panel and gain administrative access to the panel. This can ultimately lead to a full web server compromise. \n\n',NULL,'HackLabs highly suggests to setup administrator accounts with complex passwords.\n\nIn addition, unless really required, HackLabs suggests to restrict access to administrative systems and services, in order to prevent unauthorised access and the ability to initially attack it in the first place.\n\n\n\n\n','2015-07-16 12:34:53','2015-07-16 12:34:53',12),(159,'Vulnerable Third Party Software\n','Software versions were found to have exploitable vulnerabilities.\n\n','Third party software is often used to easily enhance the functionality of a web application; however, vulnerabilities are also commonly found in third party software versions. If the third party does not maintain this software properly, and patches or upgrades are not performed in a timely manner, then these vulnerabilities may be identified by attackers and exploited. Exploits for identified vulnerabilities are often released publicly in vulnerability databases, security advisories, vulnerability scanners, and exploit frameworks. The impact of successfully exploiting identified vulnerabilities is dependent upon the vulnerability instance; however, may range from information disclosure, to application account compromise, right through to full system compromise.\nThe risk associated with this vulnerability has been adjusted to reflect the highest risk vulnerability that was identified.\n\n',NULL,'Vulnerable third party software should have any relevant security patches applied, or upgraded to the latest software version to minimise the number of vulnerabilities that have been identified within the software version. If a fix has not been developed for the identified vulnerabilities then the vendor should be contacted for a solution or a workaround.\nIt is recommended that a proper patch management and upgrade process be implemented with auditing capabilities to ensure proper patches are installed and updated as necessary.\nSolutions to the specific vulnerabilities identified within this penetration test are detailed at the following URLs:\n\n* https://hacklabs.com\n\n\n','2015-07-16 12:34:53','2015-07-16 12:34:53',12),(160,'Insufficient File Upload Controls \n','The application does not sufficiently sanitise uploaded files.\n\n','File uploads may be used within web applications for various reasons, such as uploading documents or images. If the application does not perform sufficient input validation to ensure that the uploaded file is in the expected format, an attacker may be able to bypass security checks to upload malicious files to the web server. This functionality is often exploited by attackers to upload backdoors or malicious code onto the system, allowing remote shell access. \n\n',NULL,'Ultimately this is an input validation issue. The web applications should verify that the type of file uploaded is in the expected format. The server should enforce the supported file extension. The file should be renamed and hidden from the attacker. Access to the file should not be accessible directly and should only be supported via a web application interface. Filenames not be included within web application parameter values\n\n\n','2015-07-16 12:34:53','2015-07-16 12:34:53',12),(161,'Insecure Direct Object Reference - Account Enumeration \n','A direct object reference is when an Application uses the actual name or key of an object when generating web pages. Applications dont always verify the user is authorised for the target object. This results in an insecure direct object reference flaw. \n	\n','As this vulnerability often allows access to sensitive data it can expose the organisation that are running the application to loss of sensitive information and as a consequence regulatory and legal repercussions. NB: Recently University of Sydney were discovered to be exposing sensitive information about students. The Universities application made use of the student number as an identifier. As reported by SMH: http://t.co/g2As59y\n\n',NULL,'Preventing insecure direct object references requires selecting an approach for protecting each user accessible object (e.g. object number, filename).\n\nUse per user or session indirect object references. This prevents attackers from directly targeting unauthorised resources. For example, instead of using the resources database key, a drop down list of six resources authorised for the current user could use the numbers 1 to 6 to indicate which value the user selected. The application has to map the per-user indirect reference back to the actual database key on the server. OWASPs ESAPI includes both sequential and random access reference maps that developers can use to eliminate direct object references.\ncheck access. Each use of a direct object reference from an untrusted source must include an access control check to ensure the user is authorised for the requested object.\n\n','2015-07-16 12:34:53','2015-07-16 12:34:53',12),(162,'Insecure Direct Object Reference\n','A direct object reference is when an Application uses the actual name or key of an object when generating web pages. Applications dont always verify the user is authorised for the target object. This results in an insecure direct object reference flaw. \n\n','As this vulnerability often allows access to sensitive data it can expose the organisation running a vulnerable application to loss of sensitive information and as a consequence regulatory and legal repercussions. NB: Recently University of Sydney were discovered to be exposing sensitive information about students. The Universities application made use of the student number as an identifier. As reported by SMH.  http://t.co/g2As59y\n\n',NULL,'Preventing insecure direct object references requires selecting an approach for protecting each user accessible object (e.g. object number, filename).\n\nUse per user or session indirect object references. This prevents attackers from directly targeting unauthorised resources. For example, instead of using the resources database key, a drop down list of six resources authorised for the current user could use the numbers 1 to 6 to indicate which value the user selected. The application has to map the per-user indirect reference back to the actual database key on the server. OWASPs ESAPI includes both sequential and random access reference maps that developers can use to eliminate direct object references.\n\nCheck access before granting to end-users. Each use of a direct object reference from an untrusted source must include an access control check to ensure the user is authorised for the requested object.\n\nFinally, the newsletter publication service, although out of scope, does have a file upload vulnerability. Although out of scope, <company name. not including pty ltd>may wish to address this and incorporate testing of the newsletter service in with future tests.\n\n\n','2015-07-16 12:34:53','2015-07-16 12:34:53',12),(163,'Account Enumeration & Secret Questions \n','An attacker is able to enumerate a list of valid usernames and the secret questions for the user.\n\n','The application responds with a secret question when a valid user name is submitted. An attacker can then analyse the secret question and tailor the attack appropriately. (i.e. attempt to guess the answer) to the question or to attempt a brute force by shortening a list to place names or colours as an example to significantly reduce the possible.\n\n',NULL,'HackLabs strongly suggests the mechanism only allows to have the change password reset link sent to the account holder rather than having the ability to reset the password on the website after successfully answering the question.\n\nThe password recovery feature should not allow multiple and repeat connections. The structure of the application should not allow connection without an additional step through or a Capture mechanism to prevent an automated attack. The page could also make use of nonce a one-time URL value to also prevent automated attacks.\n\n','2015-07-16 12:34:53','2015-07-16 12:34:53',12),(164,'SQL Injection \n','SQL injection vulnerabilities arise when user-controllable data is incorporated into database SQL queries in an unsafe manner. An attacker can supply crafted input to break out of the data context in which their input appears and interfere with the structure of the surrounding query.\n\n','Various attacks can be delivered via SQL injection, including reading or modifying critical application data, interfering with application logic, escalating privileges within the database and executing operating system commands.\n\n',NULL,'We recommend that a code review be performed to ensure all SQLi vulnerabilities are resolved.\n\nThe most effective way to prevent SQL injection attacks is to use parameterised queries (also known as prepared statements) for all database access. \n\nThis method uses two steps to incorporate potentially tainted data into SQL queries: First, the application specifies the structure of the query, leaving placeholders for each item of user input; Second, the application specifies the contents of each placeholder. Because the structure of the query has already defined in the first step, it is not possible for malformed data in the second step to interfere with the query structure. You should review the documentation for your database and application platform to determine the appropriate APIs, which you can use to perform parameterised queries. \n\nIt is strongly recommended that you parameterise every variable data item that is incorporated into database queries, even if it is not obviously tainted, to prevent oversights occurring and avoid vulnerabilities being introduced by changes elsewhere within the code base of the application.\n\nYou should be aware that some commonly employed and recommended mitigations for SQL injection vulnerabilities are not always effective:\n\nOne common defence is to double up any single quotation marks appearing within user input before incorporating that input into a SQL query. This defence is designed to prevent malformed data from terminating the string in which it is inserted. However, if the data being incorporated into queries is numeric, then the defence may fail, because numeric data may not be encapsulated within quotes, in which case only a space is required to break out of the data context and interfere with the query. \n\nFurther, in second-order SQL injection attacks, data that has been safely escaped when initially inserted into the database is subsequently read from the database and then passed back to it again. Quotation marks that have been doubled up initially will return to their original form when the data is reused, allowing the defence to be bypassed.\n\nAnother often cited defence is to use stored procedures for database access. While stored procedures can provide security benefits, they are not guaranteed to prevent SQL injection attacks. The same kinds of vulnerabilities that arise within standard dynamic SQL queries can arise if any SQL is dynamically constructed within stored procedures. Further, even if the procedure is sound, SQL injection can arise if the procedure is invoked in an unsafe manner using user-controllable data.\n\nEnsure all parameters are canonicalised and input validated in the correct locale. \n\nIf dynamic queries are to be used, all data must be appropriately output encoded for the type of SQL server in use. This is still highly dangerous and even one improperly encoded or missing parameter can lead to SQL injection, so HackLabs strongly recommends that dynamic queries are removed completely from the application and prohibited within the organisation. \n\nPrepared Statements should be used to send precompiled SQL Statements to the backend database, along with the various validated parameters supplied by the user. The database will not interpret the value of the parameters within Prepared Statements, leaving the application immune to SQL Injection vulnerabilities.\n\nThe application should use the lowest possible privilege level when accessing the database, removing default database functions that are not needed and applying all relevant database patches.\n\nConsider performing a Secure Code Review, which will find all potential issues within an application. This is particularly useful for high value transactional systems, or applications that have proven difficult to remediate over time. \n\n\n','2015-07-16 12:34:53','2015-07-16 12:34:53',12),(165,'IDS Monitoring & Alerting \n','The Intrusions Detection System (IDS) did not detect the attacks that were generated during testing.\n\n','Intrusion Detection Systems (IDS) are used to detect attacks on the critical systems. These typically start off with low impact activities and ramp up to full-blown attack and compromise. (Such as the test HackLabs performed for <company name. not including pty ltd> during this exercise). \n\n',NULL,'The IDS systems in place should be confirmed with the provider and should be tested and tuned to ensure they are able to detect and block malicious and focused hacking attempts. \n\n\n','2015-07-16 12:34:53','2015-07-16 12:34:53',12),(166,'Local File Inclusion (LFI)\n','A web resource was found to not sanitise user-supplied input before including it with the PHP include functions.\n\n','By including and thus executing local files an attacker could be able to execute arbitrary code or retrieve the content of local files.\n\n',NULL,'Ensure that any files containing sensitive information, such as JSP include files, are not accessible by unauthorised users by either configuring ACLs so that these files are not accessible from the Internet, or by moving these files to a location outside of the web server root directory.\n\n\n','2015-07-16 12:34:53','2015-07-16 12:34:53',12),(167,'Local File Disclosure\n','A web resource was found to not sanitise user-supplied input before retrieving its content and displaying it on screen.\n\n','An attacker could force the application to display the content of sensitive files, such as application source codes, log files, configuration files and so on. This would potentially lead an attacker to retrieve passwords and sensitive data about the application.\n\n',NULL,'Web applications should implement proper input validation to ensure that parameters cannot be manipulated to point to unauthorised files. \nImplement server-side validation for user input. In this specific case, the application could perform two different checks on user input:\na) Use a whitelist type of check on user input, so that only specific values (the files the application is expected to receive) are accepted;\nb) Reject trailing slashes and dots (../) since these characters are used to navigate through the file system and access other files;\n\nAll application developers should be trained in secure coding practices to ensure all production code is maintained to an organisationally accepted baseline. Install and maintain a strict QA process that can be used to verify and validate coding practices, and to minimise or remove common application vulnerabilities before they are released to production systems.\n\n\n','2015-07-16 12:34:53','2015-07-16 12:34:53',12),(168,'Cross-Site Request Forgery (CSRF) \n','A malicious user can force an unknowing user to execute unwanted actions on a web application in which they are currently authenticated to.\n\n','CSRF attacks exploit the trust a website has in a user by forging requests from a trusted user. The attack works by including a link or script in a page that accesses a site to which the victim is known to have authenticated to. When the victim accesses the link or script, the victims browser will automatically send the authenticated cookie along with the request. The server, thinking that the request is a valid request from the victim, will carry out the request. The vulnerability can lead to unauthorised actions being processed by the web application. \n\n',NULL,'To help mitigate Cross Site Request Forgery attacks, the application should add a per-request nonce to a hidden form field or the URL, in addition to the standard session token. The application should verify the existence of the one time nonce when processing the form request. Cross Site Request Forgeries are possible due to the fact that the session is uniquely identified by the session cookie, which is automatically sent by the browser. Having other request-specific information as part of the request makes it difficult for a malicious user to construct a proper attack. Many frameworks now include built-in protection from CSRF, such as the .Net Mac enabled ViewState. \n\nCSRFGuard is an application module that is designed to protect your web applications against CSRF attacks by generating a unique per-request nonce. CSRFGuard is available for ASP.NET, PHP and J2EE, and can be found at the following links respectively:\n\n* http://www.owasp.org/index.php/.Net_CSRF_Guard\n* http://www.owasp.org/index.php/PHP_CSRF_Guard \n* http://www.owasp.org/index.php/CSRF_Guard\n\n\n','2015-07-16 12:34:53','2015-07-16 12:34:53',12),(169,'Stored Cross Site Scripting (XSS)\n','Stored Cross-Site Scripting (XSS) vulnerabilities occur when a web application gathers input from a user, which might be malicious, and then stores that input in a data store for later use. The input that is stored is not correctly filtered. As a consequence, the malicious data will appear to be part of the web site and run within the users browser under the privileges of the web application.\n\n','The injected attacker-supplied code can perform a wide variety of actions, such as stealing the victims session token or login credentials, performing arbitrary actions on the victims behalf, and logging their keystrokes.\n\nUsers can be induced to issue the attackers crafted request in various ways. For example, the attacker can send a victim a link containing a malicious URL in an email or instant message. They can submit the link to popular websites that allow content authoring, for example in blog comments. And they can create an innocuous looking website which causes anyone viewing it to make arbitrary cross-domain requests to the vulnerable application (using either the GET or the POST method).\n\n',NULL,'In most situations where user-controllable data is copied into application responses, cross-site scripting attacks can be prevented using two layers of defences:\n\nInput should be validated as strictly as possible on arrival, given the kind of content, which it is expected to contain. For example, personal names should consist of alphabetical and a small range of typographical characters, and be relatively short; a year of birth should consist of exactly four numerals; email addresses should match a well-defined regular expression. Input which fails the validation should be rejected, not sanitised.\n\nUser input should be HTML-encoded at any point where it is copied into application responses. All HTML metacharacters should be replaced with the corresponding HTML entities (&lt; &gt; etc.).\n\nIn cases where the applications functionality allows users to author content using a restricted subset of HTML tags and attributes (for example, blog comments which allow limited formatting and linking), it is necessary to parse the supplied HTML to validate that it does not use any dangerous syntax; this is a non-trivial task. Visit this link for further information on protection from Cross Site Scripting - https://hacklabs.squarespace.com/knowledge-base/post/1403802. \n\n\n','2015-07-16 12:34:53','2015-07-16 12:34:53',12),(170,'Reflected Cross Site Scripting (XSS)\n','Reflected Cross-Site Scripting (XSS) vulnerabilities arise when data is copied from a request and echoed into the applications immediate response in an unsafe way. An attacker can use the vulnerability to construct a request that, if issued by another application user, will cause JavaScript code supplied by the attacker to execute within the users browser in the context of that users session with the application.\n\nStored Cross-Site Scripting (XSS) vulnerabilities occur when a web application gathers input from a user, which might be malicious, and then stores that input in a data store for later use. The input that is stored is not correctly filtered. As a consequence, the malicious data will appear to be part of the web site and run within the users browser under the privileges of the web application.\n\n','The injected the attacker-supplied code can perform a wide variety of actions, such as stealing the victims session token or login credentials, performing arbitrary actions on the victims behalf, and logging their keystrokes.\nUsers can be induced to issue the attackers crafted request in various ways. For example, the attacker can send a victim a link containing a malicious URL in an email or instant message. They can submit the link to popular websites that allow content authoring, for example in blog comments. And they can create an innocuous looking website which causes anyone viewing it to make arbitrary cross-domain requests to the vulnerable application (using either the GET or the POST method).\n\n',NULL,'In most situations where user-controllable data is copied into application responses, cross-site scripting attacks can be prevented using two layers of defences:\n\nInput should be validated as strictly as possible on arrival, given the kind of content, which it is expected to contain. For example, personal names should consist of alphabetical and a small range of typographical characters, and be relatively short; a year of birth should consist of exactly four numerals; email addresses should match a well-defined regular expression. Input that fails the validation should be rejected, not sanitised;\n\nUser input should be HTML-encoded at any point where it is copied into application responses. All HTML metacharactersshould be replaced with the corresponding HTML entities (&lt; &gt; etc.).\n\nIn cases where the applications functionality allows users to author content using a restricted subset of HTML tags and attributes (for example, blog comments which allow limited formatting and linking), it is necessary to parse the supplied HTML to validate that it does not use any dangerous syntax; this is a non-trivial task. \n\nFor furthering information please visit the following online resource:\nCross Site Scripting - https://hacklabs.squarespace.com/knowledge-base/post/1403802. \n\n\n','2015-07-16 12:34:53','2015-07-16 12:34:53',12),(171,'Directory Traversal \n','Attackers are able to gain access to underlying system files.\n\n','Directory Traversal vulnerabilities can come about via poor web server configuration, or via a vulnerable web application programs. This vulnerability generally allows an attacker to inject a path to a system file outside of the web server root to retrieve its contents. An attacker may be able to obtain critically sensitive information about a web application and the underlying system, such as system usernames, groups, source code, configuration files, log files, and password files. This may allow an attacker to gather enough information about the system or application to enable them to launch further attacks, possibly leading to them becoming compromised.\n\n',NULL,'Web servers should be configured so that an attacker is unable to traverse outside of the webspace of the web server. On UNIX systems this can be configured by using chroot. Apache can also be configured to run in a chroot environment, by configuring the following ModSecurity directive:\nSecChrootDir /chroot/apache\nWeb applications should implement proper input validation to ensure that parameters cannot be manipulated to point to unauthorised files. Please refer to section Insufficient Input Validation for Recommended Action details.\n\n\n','2015-07-16 12:34:53','2015-07-16 12:34:53',12),(172,'URL Redirection \n','URL redirection is a technique often used within Phishing attacks to trick visitors about which website they are visiting.\n\n','Due to a lack of sanitization of the user input, the application is vulnerable to URL injection. By using a specially crafted URL, an attacker can force a user to be redirected to an arbitrary URL under the attackers control. This unauthorised site could be used to capture sensitive information by appearing to be part of the web application.\n\n',NULL,'Ideally, user-supplied data should not be incorporated into the redirection target. Two alternative approaches are:\n\n* Remove the redirection page and use direct links to the relevant target URL instead;\n* Maintain a list of valid target URLs and have the client submit an index to the script. The redirect page should lookup the index in the list and returns a 302 redirect to the appropriate target.\n\nWhen the above approaches are inappropriate, the application can minimise the risk of redirection attacks by implementing the following measures:\n\n* Use relative URLs in all redirects. The application should verify that the user-supplied URL either begins with a single slash followed by a letter or begins with a letter and does not contain a colon character before the first slash. Any other input should be rejected;\n* When using relative URLs, the application should prepend http://yourdomain.com to all user-supplied URLs when issuing the redirect;\n* Alternatively, the application can use absolute URLs for all redirects if the server side script verifies that the user-supplied URL begins with http://yourdomain.com/.  \n\n\n','2015-07-16 12:34:53','2015-07-16 12:34:53',12),(173,'Application Authentication Architecture \n','The application uses an authentication mechanism that can be easily manipulated by an attacker to allow unauthorised access and perform transactions to occur.\n\n','Weaknesses in authentication, such as only requiring authentication once during the login process, makes the banking application a target for Phishers and banking Trojans. This weakness is currently being exploited in the wild for other institutions including others that are running Ultradatas MyViewPoint.\n\n',NULL,'A number of precautions should be taken to prevent the application from having its users affected by session stealing and MITB attacks.\n\nThe application should use the token authentication process for each sensitive function within the account (Payee adding, transfer and contact details changing). \n\nThe application should use unique per page nonce values that are paired with the current session. These are then presented back to the application to ensure that it is not an automated process such as the Zeus bot. \n\nThis can be done by using ASP Viewstate and having the application verify that the previous page session token was incorporated in the request.\n\n\n','2015-07-16 12:34:53','2015-07-16 12:34:53',12),(174,'Authentication Architecture\n','Authentication and identification of users on API resources and calls does not offer an adeguate level of protection.\n\n','This makes it easier for attackers to gain unauthorised access to users accounts and perform actions on their behalf.\n\n',NULL,'HackLabs suggests to avoid relying on a single object/string to authenticate users. Or at least, not transmit it over the URL.\n\n\n','2015-07-16 12:34:53','2015-07-16 12:34:53',12),(175,'Application Design\n','The application design is not aligned with good application security standards.\n\n','Designing an application which is not aligned with an application security standard may lead to the security vulnerabilities within the application.\n\n',NULL,'Do not display unnecessary sensitive data within the JSON responses. In this case, the password field.\n\n\n','2015-07-16 12:34:53','2015-07-16 12:34:53',12),(176,'XPath Injection \n','XPath Injection is an attack technique used to exploit websites that construct XPath queries from user-supplied input. \n\n','The XML Path Language (XPath) is an interpreted language used for navigating around XML documents, and for retrieving data from within them. An XPath expression, most commonly, represents a sequence of steps that is required to navigate from one node of a document to another. If an application uses run-time XPath query construction, embedding un-sanitised user input into the query, an attacker may be able to inject data into the query allowing them to retrieve arbitrary information from the target XML document.\n\n',NULL,'Primarily, this is an input validation issue. Please refer to section Insufficient Input Validation for Recommended Action details.\n\n{If you have not included section Insufficient Input Validation then you should copy its recommendations into this section.}\nHowever, in addition to the Input Validation recommendation, the following should be emphasised:\nThe user input should be checked against a white list, which should only include alphanumeric characters. Characters that may be used to interfere with the XPath query should be blocked, including ( ) =  [ ] : , * / and all whitespace. Any input that does not match the white list should be rejected, not sanitised. \n\n\n','2015-07-16 12:34:53','2015-07-16 12:34:53',12),(177,'Weak Authentication Mechanism Implemented \n','The application uses an authentication mechanism that may be easily bypassed.\n\n','The authentication mechanism implemented does not provide adequate protection against brute force or social engineering attacks. An attacker may take advantage of the weak security implemented to bypass the security questions to gain access to the system.\n\n',NULL,'Ensure that proper two factor authentication is used, where the security is based on something you know, such as a passphrase, and something you have, such as a physical device. Furthermore, ensure a proper mechanism is in place to implement account lockouts to prevent brute force attacks, while also assisting in minimising DoS attacks.\n\n\n','2015-07-16 12:34:53','2015-07-16 12:34:53',12),(178,'SMTP Injection \n','The application allows users to inject arbitrary SMTP headers into the conversation between the application and the SMTP server. \n\n','The application allows users to inject arbitrary headers or commands into the SMTP conversation. This is normally caused by a lack of sufficient input validation on the user-supplied parameters before they are sent to the SMTP server. A malicious user could exploit this to send unauthorised spam messages from the application.\n\n',NULL,'Ensure that all user-supplied data is properly sanitised. Email addresses should be checked against suitable regular expression. Ensure that no new line characters are injected in parameters that should not contain them, such as a recipient email address or message subject. Ensure that the message body does not contain any lines that contain a single dot. Finally, limit the number of messages that can be sent via a single IP address within a defined timeframe.\n\n\n','2015-07-16 12:34:53','2015-07-16 12:34:53',12),(179,'Administrative Services Available\n','Administrative services were found to be available to the Internet.\n\n','Administrators generally use administrative services so that they can login and configure the device, and therefore require more secure security controls. Common administrative services include Telnet, SSH, SNMP and Administrative web interfaces. An attacker may be able to perform brute-force attacks against these services in an attempt to gain remote administrative access to the device. This would provide an attacker with a foothold within the organisations network. At this point the attacker could use other privilege escalation techniques to further their foothold to gain access to the internal network.\n\n',NULL,'Administrative services should not be open to the Internet due to their sensitive nature. Routers, firewalls, and web servers should be configured to restrict access to these services to only those IP addresses that require access or completely remove from the website if unnecessary.\n\n\n','2015-07-16 12:34:53','2015-07-16 12:34:53',12),(180,'Insufficient Access Controls \n','Insufficient access controls have been found in areas of the application.\n\n','Access controls are implemented to control access to sections of an application that may contain sensitive/private information or functions. Insufficient access controls mean that an unauthorised user may be able to gain access to these sensitive sections of the application.\n\n',NULL,'Deploy appropriate application access controls, on the server-side, around all application access and manipulation functions. This will ensure that only correctly authenticated and authorised users may gain access to information and functions specific to them.\n\n\n','2015-07-16 12:34:53','2015-07-16 12:34:53',12),(181,'Session Fixation \n','An attacker can force the victim to authenticate to the application using a known session token that the attacker has provided. This then allows the attacker to access the victims session without having to provide any usernames, passwords or token values.\n\n','Member accounts can become compromised due to poor application security practices allowing an attacker to fool a user via phishing or via traffic interception to learn of session cookie values.\n\nThere is one common denominator to all session fixation attacks and scenarios: the user logs in to a session with an attacker-chosen ID, instead of having been issued a newly generated session ID by the server. \n\n',NULL,'There is one common denominator to all session fixation attacks and scenarios: the user logs in to a session with an attacker-chosen ID, instead of having been issued a newly generated session ID by the server. Web applications must ignore any session ID provided by the users browser at login and must always generate a new session to which the user will log in if successfully authenticated.\n\nIn most cases, simply discarding any existing session is sufficient to force the framework to issue a new sessionid cookie, with a new value. Unfortunately, some platforms, notably Microsoft ASP, do not generate new values for sessionid cookies, but rather just associate the existing value with a new session. This guarantees that almost all ASP apps will be vulnerable to session fixation, unless they have taken specific measures to protect against it such as issuing an additional session cookie value.\n\nFurther information on how to prevent this vulnerability is listed at the HackLabs website. UnderstandingSessionFixation - https://hacklabs.squarespace.com/knowledge-base/post/1402942\nhttp://www.owasp.org/index.php/Session_Fixation_Protection\n\n','2015-07-16 12:34:53','2015-07-16 12:34:53',12),(182,'HTTP Response Splitting \n','HTTP Response Splitting was found on the system, which may lead to web cache poisoning and session hijacking.\n\n','If an application embeds user data within cookie values or as part of a URL in a redirection response, it may be possible to inject additional headers into the response causing it to appear as two responses rather than one. An attacker can exploit this vulnerability to cause web browsers and web-caching proxies to cache the attackers web page, rather than the requested page. This causes the browser cache or the proxy cache to serve the malicious page whenever an end user requests it, possibly allowing website defacement and session hijacking to occur.\n\n',NULL,'Primarily, this is an input validation issue. Please refer to section Insufficient Input Validation for Recommended Action details.\n\n{If you have not included section Insufficient Input Validation then you should copy its recommendations into this section.}\nThis vulnerability is quite common when using 302 error codes to perform redirections. Other methods of redirections should be used, such as HTML Meta Refresh tag.\nAny input that is later being embedded in HTTP responses should be sanitised to make sure that malicious characters are not part of the input. Specifically for HTTP Response Splitting the following should not be allowed:\n* CR (Carriage return, ASCII 0x0d);\n* LF (Line feed, ASCII 0x0a).\n\n\n','2015-07-16 12:34:53','2015-07-16 12:34:53',12),(183,'Account Enumeration \n','An attacker is able to enumerate a list of valid usernames.\n\n','Usernames should not be able to be enumerated by an attacker. The application responds with different error messages when valid and invalid user names are submitted. An attacker can use the difference in the error messages to determine a list of valid and invalid usernames. Using this list of valid usernames, an attacker can then perform a brute-force attack in an attempt to compromise any accounts with weak or easily guessable passwords.\n\n',NULL,'Deploy consistent error messages that do not allow an attacker to determine what sensitive information exists within the database. Instead of indicating that an account has been suspended, the application should respond to any series of failed login attempts (even those using invalid usernames) with a message advising that accounts are suspended if multiple failures occur.\n\n\n','2015-07-16 12:34:53','2015-07-16 12:34:53',12),(184,'HTML Injection\n','HTML Injection vulnerabilities arise when data is copied from a request and echoed into the applications immediate response in an unsafe way. An attacker can use the vulnerability to construct a request that, if issued by another application user, will cause the code supplied by the attacker to execute within the users browser in the context of that users session with the application.\n\n','Users can be induced to issue the attackers crafted request in various ways. For example, the attacker could exploit the vulnerability to change the HTML code of the affected resource, inserting images, Iframes, links to phishing sites and so on.\n\n',NULL,'In most situations where user-controllable data is copied into application responses, HTML Injections attacks can be prevented using two layers of defences:\n\nInput should be validated as strictly as possible on arrival, given the kind of content, which it is expected to contain. For example, personal names should consist of alphabetical and a small range of typographical characters, and be relatively short; a year of birth should consist of exactly four numerals; email addresses should match a well-defined regular expression. Input which fails the validation should be rejected, not sanitised;\n\nUser input should be HTML-encoded at any point where it is copied into application responses. All HTML metacharacters should be replaced with the corresponding HTML entities (&lt; &gt; etc.).\n\nIn cases where the applications functionality allows users to author content using a restricted subset of HTML tags and attributes (for example, blog comments which allow limited formatting and linking), it is necessary to parse the supplied HTML to validate that it does not use any dangerous syntax; this is a non-trivial task. \n\n\n','2015-07-16 12:34:53','2015-07-16 12:34:53',12),(185,'Session Hijacking \n','The application does not perform adequate security controls on users session allowing Session Hijacking attacks.\n\n','Once a user has authenticated to a web application, a session token is generally used to keep track of who the user is and what data or functions they have access to. The ability for an attacker to capture and successfully use another users session token is highly dangerous. This would allow the attacker to gain unrestricted access the application as the victim causing the confidentiality and integrity of the victims account to then become compromised.\n\n',NULL,'A number of steps should be taken to protect the session token. Firstly, it should be strongly encrypted (where applicable) to stop it being deciphered or changed by an attacker. Secondly, the server in a hidden form field should set a unique per-page token that is mapped to the session token. The mapping may be implemented by creating an associative array such as:\n$token = md5(uniqid(rand(),TRUE)); \n$_SESSION[\'token\'] = $token;\n\nEach time the user issues a request; the page token should be validated against the last value issued (in addition to the regular session token validation). If an incorrect page token is submitted, then the session should be terminated. Having the session token and per-page token propagated by two different methods (HTTP headers and POST data), helps protect each individual token against capture via the same attack.\nThe solution to Session Hijacking is similar to that of Cross Site Request Forgery (CSRF), where the unique per-request nonce is tied to each users session. CSRFGuard is an application module that is designed to protect your web applications against CSRF attacks by generating a unique per-request nonce. CSRFGuard is available for ASP.NET, PHP and J2EE, and can be found at the following links respectively:\n* http://www.owasp.org/index.php/.Net_CSRF_Guard \n* http://www.owasp.org/index.php/PHP_CSRF_Guard \n* http://www.owasp.org/index.php/CSRF_Guard \n\nASP.NET ViewState may also be used to protect against Session Hijacking as long as a nonce is implemented within the ViewState value to make it unique per request. This means that the ViewState value should be different when requesting the same page within the same session. The nonce should have its value checked on post-back to ensure that it is current and valid. If it is found not to be current or valid then the session should be terminated.\n\n\n','2015-07-16 12:34:53','2015-07-16 12:34:53',12),(186,'Lotus Domino Weak Access Controls \n','Insufficient access controls were found to exist on the Lotus Domino web servers.\n\n','Lotus Domino is an application server developed by IBM. One of its features is that it allows for remote user interaction with a Lotus Notes database via a web-based interface. If these databases are not configured with tight access controls, an attacker is able to use a number of techniques to enumerate and gain access to various documents located on the server. This may leak sensitive information ranging from document owners and document history, right through to gaining access to the contents of the user password database. This information could then be used in other attacks against the organisations systems.\n\n',NULL,'As a general recommendation for securing Lotus Domino web servers, the following should be performed:\nUnnecessary default databases, templates, and files should be removed to ensure that they do not open security holes.\nAs far as the web server is concerned the Domino server performs 4 authorization checks: firstly on the database itself, then the view, then the document and finally fields within the document.\nAccess control lists should be set properly on the databases and their objects to ensure that information leakage is minimised, and so that manipulating or deleting documents is not possible. A common misconfiguration is to allow anonymous access to databases, such as the Domino Directory, names.nsf. \nTo protect from manipulating views to bypass access control lists, you must ensure that not only do you set ACLs on views but also on the documents that view is supposed to protect.\nDatabase browsing should be disabled so that attackers are unable to simply browse through the database.\nA comprehensive URL to Redirection Mapping should be configured to stop default navigators, and XML listings of visible views and documents, from being accessed.\nBy default with every page sent by a Domino web server in response to a client request a banner is embedded at the top of the HTML. To prevent this information from being sent, edit the notes.ini file adding a line \'DominoNoBanner=1\'. With Domino versions less than 5.0.9, the banner will still be present in the HTTP server header even with this configuration option set.\nEnsure that any authentication and authorisation requests are performed over SSLv3 or TLSv1 encrypted channels.\n\n\n','2015-07-16 12:34:53','2015-07-16 12:34:53',12),(187,'Database Enumeration \n','With access to an incrementing unique identifier as an input variable, and a lack of appropriate access controls, a user may be able to extract the complete contents of a database or database table by requesting each unique entry.\n\n','Primarily focused on the threat to confidentiality, this vulnerability demonstrates the need for consistent deployment of application access controls. By requesting every numbered object within a database (or any type of data repository), via the defective application interface, an attacker may be able to access information that he should otherwise be unauthorised to access. \n\nThis attack is possible due to a lack of access controls within the application.\n\n',NULL,'Deploy appropriate application access controls around all data access and manipulation functions. This will ensure that only correctly authenticated and authorised users may perform information access, creation, modification and deletion functions.\n\n','2015-07-16 12:34:53','2015-07-16 12:34:53',12),(188,'Source Code Disclosure \n','Attackers are able to retrieve the source code to programs on the web server.\n\n','By retrieving the source code of a program, an attacker is able to obtain sensitive information about a website, gaining insight into its development, which may lead to further compromise of the web server and its content.\n\n',NULL,'Ensure that any files containing sensitive information, such as JSP include files, are not accessible by unauthorised users by either configuring ACLs so that these files are not accessible from the Internet, or by moving these files to a location outside of the web server root directory.\n\n\n','2015-07-16 12:34:53','2015-07-16 12:34:53',12),(189,'Predictable Session Token \n','The unique session token used to differentiate authenticated users is not randomly generated.\n\n','Session tokens are used by the application to identify authenticated users after the authentication process. Session tokens must be based on a random and non-predictable string of alphanumeric characters. If an attacker can predict a session token, they may be able to bypass the authentication process by sending requests with a valid session token. Those requests would then use an authenticated users session to interact with the application.\n\n',NULL,'Implement a randomly generated session token algorithm that uses both alphabetic and numeric characters.\n\n\n','2015-07-16 12:34:53','2015-07-16 12:34:53',12),(190,'Insecure Token Handling\n','The token used to protect the functionality aimed to create or revoke API keys is insecurely handled.\n\n','Due to the presence of Cross-Site Scripting vulnerabilities within the application, an attacker can exploit them to steal the anti CSRF token and force the victim to generate a new API Access Token. This would give the attacker the ability to use the API on behalf of the victim.\n\n',NULL,'HackLabs suggests avoiding displaying the anti CSRF token in the body of the page. Rather, to transmit it as a cookie only, protected by the HttpOnly flag. This would make it not accessible by JavaScript making Cross-Site Scripting attacks ineffective.\n\n\n','2015-07-16 12:34:53','2015-07-16 12:34:53',12),(191,'Insecure Cookies \n','The cookies used within the application are not secure.\n\n','Any area of a website or web application that contains sensitive information or access to privileged functionality requires that all cookies are sent via SSL during a SSL session. If a cookie is marked secure, it will only be transmitted if the communications channel with the host is a secure one. This means that secure cookies will only be sent to HTTPS (HTTP over SSL) servers. If the secure flag is not specified, a cookie may be captured by an attacker carrying out a man-in-the-middle attack, allowing session hijacking to occur. Cookies should also be marked with the HttpOnly flag so that client-side scripts are unable to access the cookie, as an additional layer of session security. Cookies should be changed each time state is changed within the application, such as after successful authentication. Finally, the cookie mechanism allows a server to specify both the domain and URL path to which each cookie will be resubmitted. If a cookies scope is liberally set, a weakness in a less secure application, hosted on a sub-domain or sub-directory, can be used to steal cookies from an otherwise secure application. Care should be taken to ensure that the cookie scope is minimal, limiting where the browser submits the applications cookies.\n\n',NULL,'Ensure that all cookies being used for sensitive sections of a web application are marked as secure to ensure that session hijacking cannot be carried out. Mark cookies with the HttpOnly flag to ensure that the cookies cannot be accessed from within client-side scripts. Session cookies should only be set after the user has successfully authenticated to the application; else, the cookie should be changed once authentication has been made to reflect the change in state. Any unused cookies should be removed. Finally, ensure that the cookies scope is not set to a parent domain and that the path is appropriately set to the applications directory.\nAn example of an HTTP response that sets a cookie securely is shown below:\nSet-Cookie: SessionId=r4nd0mva1u3; path=/myapp/; secure; HttpOnly.\n\n\n','2015-07-16 12:34:53','2015-07-16 12:34:53',12),(192,'Sensitive Data Transmitted in URL\n','The application transmits sensitive user data in the URL.\n\n','Sensitive information within URLs may be logged in various locations, including the user\'s browser, the web server, and any forward or reverse proxy servers between the client and the server. URLs may also be displayed on-screen, bookmarked or emailed around by users or disclosed to third parties via the Referrer header when any off-site links are followed.\n\nThis increases the likelihood of an attacker obtaining this information, which could ultimately result in unauthorised access.\n\nDetails:\nHackLabs observed that the fxTrade Now applet, when logging a user in, transmitted users credentials over the URL to the API.\n\nURL:\nhttps://fxtrade-webapi.oanda.com/v1/user/login.json?callback=jQuery21007777711534872651_1411432106497&username=<USER>&password=<PASSWORD>&api_key=d39400e6d2f3c11a&client_type=webgui&client_version=0.0.0&_=1411432106499\n\n\n\n',NULL,'The application should use an alternative mechanism for transmitting sensitive data, such as HTTP cookies or fields that are submitted using the POST method. \n\n\n','2015-07-16 12:34:53','2015-07-16 12:34:53',12),(193,'ASP .NET Configuration Disclosure \n','The ASP .NET configuration file could be retrieved.\n\n','The ASP .NET configuration file contains sensitive information such as the Database connection string, hidden filenames, and security setting information. This can provide Critically sensitive information to an attacker, possibly allowing the system to become compromised further.\n\n',NULL,'Remove all unneeded default application and system files from production systems, and ensure that backup files are not kept under the web server root directory.\n\n\n\n','2015-07-16 12:34:53','2015-07-16 12:34:53',12),(194,'Logon Available Over HTTP \n','The logon for the application uses HTTP.\n\n','HTTPS uses SSL to encrypt all of the data packets that are transmitted to and from the server. HTTP simply sends all of the data in clear text (i.e. without any encryption). Offering the end user the ability to use HTTP to logon to the application is highly dangerous. An attacker may be able to sniff the data packets to glean passwords and other sensitive information, causing the web application to become compromised.\n\n',NULL,'Ensure that only HTTPS is used when accessing applications that contain sensitive information or that require session state to be kept. \n\n\n','2015-07-16 12:34:53','2015-07-16 12:34:53',12),(195,'Insecure SSL Version \n','The SSL service accepts connections using vulnerable versions of SSL.\n\n','The remote services accept connections encrypted using SSL 2.0, which reportedly suffers from several cryptographic flaws and has been deprecated for several years. \n\nIn addition, the remote services accept connections encrypted using SSL 3, which suffers from a cryptographic flaw called the Padding Oracle On Downgraded Legacy Encryption (POODLE).\n\nAn attacker may be able to exploit these issues to conduct man-in-the-middle attacks or decrypt communications between the affected services and clients.\n\nDetails:\nThe following systems support SSL version 2.0, which has had several known flaws and attacks documented over the years. This exposes the HTTPS connection to clients to man-in-the-middle attacks, encryption downgrade and other attacks that make the encryption provided trivial to overcome.\n* (tcp/443)\n\nIn addition, HackLabs found that the next enumerated systems support SSL version 3.0 and might be affected by a man-in-the-middle (MitM) information disclosure vulnerability known as POODLE. The vulnerability is due to the way SSL 3.0 handles padding bytes when decrypting messages encrypted using block ciphers in cipher block chaining (CBC) mode. A MitM attacker can decrypt a selected byte of a cipher text in as few as 256 tries if they are able to force a victim application to repeatedly send the same data over newly created SSL 3.0 connections.\n* (tcp/443))\n\nAs long as a client and service both support SSLv3, a connection can be \'rolled back\' to SSLv3, even if TLSv1 or newer is supported by the client and service.\n\nThe TLS Fallback SCSV mechanism prevents \'version rollback\' attacks without impacting legacy clients; however, it can only protect connections when the client and service support the mechanism. Sites that cannot disable SSLv3 immediately should enable this mechanism.\n\nThis is a vulnerability in the SSLv3 specification, not in any particular SSL implementation. Disabling SSLv3 is the only way to completely mitigate the vulnerability.\n\n',NULL,'HackLabs highly recommends that the external services use only the cryptographic protocol TLSv1.2 to provide communications security over a computer network.\n\nWe recommend that SSLv2 be disabled on the server.\n\nHow to configure Microsoft IIS to not accept SSLv2 connections:\n\nYou will need to modify the systems registry using Start > Run > Regedit\n\nMerge the following keys to the Windows registry:\n\n[HKEY_LOCAL_MACHINESYSTEMCurrentControlSetControl\nSecurityProvidersSCHANNELProtocolsPCT 1.0Server]\nSet \'Enabled\'=dword:00000000\n\n[HKEY_LOCAL_MACHINESYSTEMCurrentControlSetControl\nSecurityProvidersSCHANNELProtocolsSSL 2.0Server]\nSet \'Enabled\'=dword:00000000\n\nRestart the system and ensure that the server is functional. Also retest using OpenSSL to confirm that SSLv2 is no longer accepted. \n\n# openssl s_client -ssl2 -connect SERVERNAME:443\n\nFix it for me:\nTo fix this problem automatically, click the link. Click Run in the File Download dialog box, and follow the steps in the Fix it wizard.\n\nFix this problem automatically - http://go.microsoft.com/?linkid=9742318\n\nWe recommend that SSLv3 be disabled on the servers listed above.\n\nFor details on how to do this, please see:\nhttps://confluence.atlassian.com/display/CONFKB/How+To+Disable+SSLv3+to+Mitigate+Against+POODLE+Exploit+for+Confluence\n\n\n\n','2015-07-16 12:34:53','2015-07-16 12:34:53',12),(196,'TLS Configuration (CRIME Vulnerability) \n','The remote service has a configuration that may make it vulnerable to the CRIME vulnerability (Compression Ratio Info-leak Made Easy).\n\n','An attacker when exploiting this vulnerability can perform session hijacking attacks on authenticated web sessions.\n\n',NULL,'The CRIME attack can be defeated by preventing the use of compression, either at the client end, by the browser disabling the compression of HTTPS requests, or by the website preventing the use of data compression on such transactions using the protocol negotiation features of the TLS protocol.\nDisable compression and / or the SPDY service.\n\nAs of September 2012, the CRIME exploit has been mitigated by the latest versions of the Chrome and Firefox web browsers, and Microsoft has confirmed that their Internet Explorer browser was not vulnerable to the exploit. Some websites have applied countermeasures at their end.\n\n\n','2015-07-16 12:34:53','2015-07-16 12:34:53',12),(197,'TLS Configuration - Forward Secrecy not supported \n','Every SSL connection begins with a handshake, then performs authentication and agrees on their session keys. In this process, anyone else may obtain these keys. By far, the most commonly exchange mechanism is based on RSA, where the servers private key is used to protect the session keys. This is an efficient key exchange approach, but it has an important side effect, which allows anyone with access to a copy of the servers private key can uncover the session keys and decrypt the conversation.\n\n','A man-inthe-middle attack could record all your encrypted traffic and obtain the key. Through this, the attacker will also be able decrypt previous encrypted data.\n\n',NULL,'HackLabs highly recommends use an alternative to the RSA-based key exchange. SSL supports forward secrecy, which consists of a security mechanism where both parties destroy the session keys after the session is completed. The only way to decrypt the communication is to break the session keys themselves. \nSSL supports forward secrecy using two algorithms, the standard Diffie-Hellman (DHE) and the adapted version for use with Elliptic Curve cryptography (ECDHE).\n\n\n','2015-07-16 12:34:53','2015-07-16 12:34:53',12),(198,'Unvalidated Denial of Service (SSL renegotiation) \n','The remote service allows repeated renegotiation of TLS / SSL connections.\n\n','The web server could be overloaded due to the huge amount of resources needed to handle the requests, leading to a Denial of Service.\n\nDetails:\nHackLabs found a large number of hosts to encrypt traffic using TLS / SSL and permit clients to renegotiate connections. The computational requirements for renegotiating a connection are asymmetrical between the client and the server, with the server performing several times more work. Since the remote hosts does not appear to limit the number of renegotiations for a single TLS / SSL connection, this permits a client to open several simultaneous connections and repeatedly renegotiate them, possibly leading to a denial of service condition.\n\n\nFigure 45  SSL Server vulnerable to Insecure SSL Renegotiation\n\nThe hosts affected by this vulnerability are listed as follows:\n* X.x.x.x\n\nMore information can be found here:\n* CVE-2011-1473  Client Renegotiation DoS\n* https://community.qualys.com/blogs/securitylabs/2011/10/17/mitigating-the-beast-attack-on-tls - Beast Attack (DoS)\n\n',NULL,'For Apache:\nThis vulnerability was resolved by the vendor in OpenSSL version 1.0.1.\nIt is recommended to upgrade your installation of OpenSSL to the latest stable version to resolve the issue.\n\nFor Windows:\nhttp://support.microsoft.com/kb/977377\n\nFor more information about this vulnerability:\nhttp://vincent.bernat.im/en/blog/2011-ssl-dos-mitigation.html\nhttps://community.qualys.com/blogs/securitylabs/2011/10/17/mitigating-the-beast-attack-on-tls\n\n\n','2015-07-16 12:34:53','2015-07-16 12:34:53',12),(199,'Weak SSL Cipher Support \n','The SSL service allows connection with weak ciphers within the encryption algorithm.\n\n','The service accepts encrypted connections using a SSL cipher that is less than 112 bits. Key lengths of less than 112 bits are generally vulnerable to brute force decryption attacks. \n\nAn attacker can exploit these flaws such as in a man-in-the-middle attack and decrypt the sessions between the affected service and its users.\n\n',NULL,'Reconfigure the affected application if possible to avoid use of weak ciphers.\n\nHow to configure Apache v2 to not accept weak SSL ciphers:\nYou will need to modify the SSLCipherSuite directive in the httpd.conf or ssl.conf file.\n\nAn example would be editing the following lines to look similar to:\n\nSSLCipherSuite ALL:!aNULL:!ADH:!eNULL:!LOW:!EXP:RC4+RSA:+HIGH:+MEDIUM\n\nRestart the Apache process and ensure that the server is functional. Also retest using OpenSSL to confirm that weak SSL ciphers are no longer accepted.\n\n	openssl s_client -connect SERVERNAME:443 -cipher LOW:EXP\n\nHow to configure Microsoft IIS to not accept weak SSL ciphers:\nYou will need to modify the systems registry using Start > Run > Regedit\nMerge the following keys to the Windows registry:\n\n[HKEY_LOCAL_MACHINESYSTEMCurrentControlSetControl\nSecurityProvidersSCHANNELCiphersDES 56/56]\nSet \'Enabled\'=dword:00000000\n\n[HKEY_LOCAL_MACHINESYSTEMCurrentControlSetControl\nSecurityProvidersSCHANNELCiphersNULL]\nSet \'Enabled\'=dword:00000000\n\n[HKEY_LOCAL_MACHINESYSTEMCurrentControlSetControl\nSecurityProvidersSCHANNELCiphersRC2 40/128]\nSet \'Enabled\'=dword:00000000\n\n[HKEY_LOCAL_MACHINESYSTEMCurrentControlSetControl\nSecurityProvidersSCHANNELCiphersRC2 56/128]\nSet \'Enabled\'=dword:00000000\n\n[HKEY_LOCAL_MACHINESYSTEMCurrentControlSetControl\nSecurityProvidersSCHANNELCiphersRC4 40/128]\nSet \'Enabled\'=dword:00000000\n\n[HKEY_LOCAL_MACHINESYSTEMCurrentControlSetControl\nSecurityProvidersSCHANNELCiphersRC4 56/128]\nSet \'Enabled\'=dword:00000000\n\n[HKEY_LOCAL_MACHINESYSTEMCurrentControlSetControl\nSecurityProvidersSCHANNELCiphersRC4 64/128]\nSet \'Enabled\'=dword:0000000\n\nRestart the system and ensure that the server is functional. Also re-test using OpenSSL to confirm that weak SSL ciphers are no longer accepted.\n\n	- openssl s_client -connect SERVERNAME:443 -cipher LOW:EXP\n	\nMicrosoft has a useful knowledge base article on this at \nhttp://support.microsoft.com/kb/245030\n\nMore Information on line Insecure SSL Ciphers - http://hacklabs.squarespace.com/knowledge-base/post/1403948\n\n\n','2015-07-16 12:34:53','2015-07-16 12:34:53',12),(200,'Weak SSL Encryption Key \n','The remote host uses a short public encryption key, which is considered insecure.\n\n','The remote service uses a public encryption key that is not considered secure. Encryption keys that are less than 1024 bits are generally considered insufficient and vulnerable to brute force decryption attacks. An attacker may be able to exploit these flaws via a man-in-the-middle attack and decrypt communications between the affected service and clients.\n\n',NULL,'Ensure that the application uses strong keys with at least.\n\n\n\n','2015-07-16 12:34:53','2015-07-16 12:34:53',12),(201,'Insufficient Session Termination \n','The application does not properly terminate session on the server.\n\n','The application does not expire sessions appropriately. Keeping the lifespan of a session as short as possible reduces the window of opportunity within which a malicious user can guess, capture or otherwise misuse a valid session token. Secondly, proper session termination provides the user with a means of terminating their session when it is no longer needed, thereby reducing the potential attack surface in certain scenarios, such as a shared computer.\n\n',NULL,'Ensure that sessions are properly terminated on the server after a minimum amount of session inactivity or when the user submits a log off request. \n\n\n','2015-07-16 12:34:53','2015-07-16 12:34:53',12),(202,'Weak Password Storage \n','Passwords are stored insecurely.\n\n','When passwords are stored on the server unencrypted or via a reversible encryption algorithm, a complete list of passwords may be retrieved if the storage server were to be compromised. \n\n',NULL,'Ensure that passwords are never stored on the server. The server should only store password hashes that were created via a one-way trap door algorithm to ensure that they cannot be reversed. The application should create a hash of the user submitted password and compare that to the stored password hash. A new password should be generated when the user forgets their password.\n\n\n','2015-07-16 12:34:53','2015-07-16 12:34:53',12),(203,'Poor Password Control Policy \n','Poor password controls exist within the system.\n\n','Attacks against passwords is a very common way to compromise systems due to weak passwords being used on systems. If an attacker is able to guess or crack a weak password then they are likely to be able to compromise the target system or application, potentially leading to them gaining a strong foothold on the internal network or within the application.\n\n',NULL,'In order to aid preventing Brute Force attacks ensure that a complex password policy is enforced. \nPasswords should ideally be at least eight characters long containing a mixture of mixed case alphanumeric and typographical characters. Passwords should not contain dictionary words or common names, and should not be identical to the username. \nPasswords should also differ from previously set passwords for the account. Logging and frequent auditing of authorisation attempts will help alert system administrators to an attack.\n\n\n','2015-07-16 12:34:53','2015-07-16 12:34:53',12),(204,'Password Stored on Client \n','The <company name. not including pty ltd> platform has the capability to store the password on the client machine allowing for password compromise.\n\n','Many applications have a facility to remember user credentials that are entered into login forms. If the function is enabled, then credentials entered by the user are stored on their local computer and retrieved by the application on each launch.\n\nThe stored credentials can be captured by an attacker who gains access local access to the computer. \n\n',NULL,'If the use of the Remember me function is not pivotal to the business functionality of the <company name. not including pty ltd>s Platform it should be removed.\n\n','2015-07-16 12:34:53','2015-07-16 12:34:53',12),(205,'Password Field with AutoComplete Enabled \n','AutoComplete was found to be enabled within the application.\n\n','Most browsers have a facility to remember user credentials that are entered into HTML forms. This function can be configured by the user and also by applications, which employ user credentials. If the function is enabled, then credentials entered by the user are stored on their local computer and retrieved by the browser on future visits to the same application.\n\nAn attacker who gains access to the computer either locally or through some remote compromise can capture the stored credentials. Further, methods have existed whereby a malicious website can retrieve the stored credentials for other applications, by exploiting browser vulnerabilities or through application-level cross-domain attacks \n\n',NULL,'To prevent browsers from storing credentials entered into HTML forms, you should include the attribute autocomplete=\'off\' within the FORM tag (to protect all form fields) or within the relevant INPUT tags (to protect specific individual fields).\n\n\n','2015-07-16 12:34:53','2015-07-16 12:34:53',12),(206,'Form AutoComplete Enabled \n','AutoComplete was found to be enabled within the application.\n\n','Most recent browsers have features that will save form field content entered by users and then automatically complete form entry the next time the fields are encountered. This feature is enabled by default and could leak sensitive information since it is stored on the hard drive of the local computer. The risk of this issue is greatly increased if users are accessing the application from a shared environment. If AutoComplete is enabled on a login field then an attacker may be able to gain access to usernames and passwords from local system caches.\n\n',NULL,'The attribute autocomplete=\'off\' should be added to each form tag to restrict the AutoComplete functionality of web browsers to be available. This can also be set within input tags if more granular control is required. \n\n\n','2015-07-16 12:34:53','2015-07-16 12:34:53',12),(207,'Weak CATCHA Implementation \n','The application uses a weak CAPTCHA implementation.\n\n','CAPTCHAs are used to differentiate between automated scripts and humans and is often used to stop Cross Site Request Forgery attacks. When the CAPTCHA solution is not sufficiently robust an attacker may bypass this control to automate requests to the application.\n\n',NULL,'Ensure that CAPTCHA images of random text containing alphanumeric characters should be distorted randomly before being presented to the user. Segmentation should be added by presenting the CAPTCHA text in an angled line. The CAPTCHA should be reset for each request making it sufficiently robust to withstand replay attacks. For examples of weak CAPTCHA implementations see:\nhttp://sam.zoy.org/pwntcha/\n\n\n','2015-07-16 12:34:53','2015-07-16 12:34:53',12),(208,'HTML5 Cross Origin Resource Sharing \n','The application implements a HTML5 cross-origin resource sharing (CORS) policy for this request, which allows access from any domain.\n\n','Allowing access from all domains means that any domain can perform two-way interaction with the application via this request. Unless the response consists only of unprotected public content, this policy is likely to present a security risk.\n\n',NULL,'You should review the domains, which are allowed by the CORS policy in relation to any sensitive content within the application, and determine whether it is appropriate for the application to trust both the intentions and security posture of those domains.\n\n\n','2015-07-16 12:34:53','2015-07-16 12:34:53',12),(209,'Unencrypted Variables Passed Between Pages \n','Variables within the application are not encrypted.\n\n','Although the web application utilises SSL (HTTPS) for encrypting information as it is passed through the Internet, the risk of a man-in-the-middle attack is not negated. It is possible for an attacker to redirect a users Internet traffic through an SSL proxy and view all the information passed from page to page (including usernames and passwords) in clear text.\n\n',NULL,'Encrypt all sensitive parameter values in the browser. This will prevent any vital information being displayed in a human readable format. For code examples demonstrating encrypting parameters on the browser using PKI encryption see:\n* http://shop-js.sourceforge.net/ \n* http://www.hanewin.net/encrypt/\n\n\n\n','2015-07-16 12:34:53','2015-07-16 12:34:53',12),(210,'Unvalidated Denial of Service \n','A Denial of Service (DoS) attack may be possible against the system.\n\n','Denial of Service conditions may come about due to vulnerabilities within the application, unstable hardware, and insufficient disk space. This may allow an attacker to cause the system to stop responding in such a way that production services are unable to be carried out by either exploiting the DoS vulnerability or by increasing the load on the server by sending a large number of requests.\n\n',NULL,'Anti-automation techniques, such as a CAPTCHA, should be used to prevent automated form submissions. In addition, limit the number of requests that can be sent via a single IP address within a defined timeframe.\n\n\n','2015-07-16 12:34:53','2015-07-16 12:34:53',12),(211,'Clickjacking \n','Clickjacking is a technique that allows attackers to subvert clicks and may be used to force a victim into submitting unauthorised requests to a web application in which they are currently authenticated.\n\n','Any sensitive web page that can be framed (or iframed) is potentially vulnerable. The attack occurs when the attacker includes a hidden frame (i.e. via CSS overlay) pointing to the vulnerable script in their malicious page. The attacker then tricks the victim into clicking on various places on their screen. In actuality, the victim is clicking on the invisible frame and not the visible one. This forces the victims browser into sending an unauthorised request to the vulnerable application.\nAttempts to protect against CSRF using nonces can often be overcome by Clickjacking as long as the URL of the page that contains the link that includes the nonce is known.\nActiveX controls may also be vulnerable if they use on-page prompting instead of modal dialogs.\nApplications (such as those based on the Sandstone framework) are not vulnerable if they:\nUse random one-time tokens in all URLs after authentication\nDo not redirect authenticated users when they request the web root (i.e. the login page)\nTerminate authenticated sessions if the user submits a request without a valid nonce.\n\nWe do not recommend implementing the above three conditions to fix Clickjacking because it breaks the user interface and will not be acceptable to many applications. The frame detection code is much simpler to implement and less prone to mistakes.\nThe URL below contains a short video demonstrating Clickjacking, to better illustrate the attack.\n\n',NULL,' To help protect again this type of attack, the vulnerable page needs to detect whether it is inside of a frame. If it is inside a frame, then the page should not render. The following JavaScript code detects if the window is framed and renders an alternate page if it is.\nif (top!=self){self.location.href=http://domain.com/;}\n\n\n','2015-07-16 12:34:53','2015-07-16 12:34:53',12),(212,'WSDL Disclosure\n','The web service allows any unauthenticated user to access information about the resources and methods it offers.\n\n','An attacker might find useful and sensitive information about the resources and methods offered by the web service, potentially allowing the attacker to identify vulnerabilities and exploit them.\n\n',NULL,'Limit access to the WSDL file as much as possible. If services are provided only to a limited number of entities, it may be better to provide WSDL privately to each of these entities than to publish WSDL publicly.\nMake sure that WSDL does not describe methods that should not be publicly accessible. Make sure to protect service methods that should not be publicly accessible with access controls.\nDo not use method names in WSDL that might help an adversary guess names of private methods/resources used by the service.\n\n\n','2015-07-16 12:34:53','2015-07-16 12:34:53',12),(213,'Directory Listing \n','A directory on the web server allows listing.\n\n','Although not inherently dangerous, this vulnerability shows what files a web directory contains allowing the enumeration of all files within the directory. \n\n',NULL,'The web server should be reconfigured to disable system wide directory listings. \nIn Apache this can be done by editing the Apache configuration file. Either remove the Indexes parameter or set the Indexes parameter to -Indexes in the Options directive and the restart the daemon. If directory listings are required in specific directories, then configure the \'Options\' directive accordingly for each specific directory in the virtual host configuration.\n\n\n','2015-07-16 12:34:53','2015-07-16 12:34:53',12),(214,'Predictable Usernames \n','Predictable usernames were found within the application.\n\n','Usernames are used to identify accounts within the application. If an attacker is able to predict the usernames then they are halfway to compromising an account since they only then need to enumerate the password. If usernames are predictable, such as an incrementing identifier, then an attacker could perform a brute-force attack against each account in an attempt to guess the password. This often works even if lockout mechanisms have been implemented since an attacker could try two common passwords, such as password and abc123, without locking out any accounts. Every account with one of these passwords would become compromised.\n\n',NULL,'In order to aid preventing brute-force attacks ensure that usernames are not predictable and a complex password policy is enforced. Anti-automation techniques like CAPTCHA images should be implemented for sensitive sections of the application, such as login or password changes. Limit the number of requests that can be sent via a single IP address within a defined timeframe.\nUsernames should also contain a random element that is long enough to prevent automated attacks going unnoticed. Logging and frequent auditing of authorisation attempts will help alert system administrators to an attack. Usernames should also not be based on public information, such as email addresses.\nPasswords should ideally be at least eight characters long containing a mixture of alphabetical (mixed case), numeric and typographical characters. Passwords should not contain dictionary words or common names, and should not be identical to the username. Passwords should also differ from previously set passwords for the account.\n\n\n','2015-07-16 12:34:53','2015-07-16 12:34:53',12),(215,'Track and Trace injection (XST) \n','The web service accepts a number of HTTP Methods including TRACE, which could allow a Cross-Site Tracing (XST) attack in the right circumstances.\n\n','The drawback for attackers is that modern browsers (such as the ones that have moved into this decade) are savvy enough to block TRACE requests through the standard DOM objects, which leaves the attacker to look for alternate capabilities in plug-ins like Flash.\n\nThe real vulnerability associated with cross-site tracing (XST) is viewing header values. The exploit would be impossible without the ability to inject JavaScript in the first place. Therefore, its real impact (or threat, depending on how you define these terms) is exposing sensitive header data such as passwords if certain other attacks are possible on the site and are blended together. (I.e. XSS + XST could allow access to HTTP Auto Username + Password headers.)\n\n',NULL,'Ensure that only necessary methods are enabled. Not all extraneous methods can be filtered by all web servers. If any of the methods listed above cannot be disabled in the respective web service, then try filtering that service. \n\nFor Apache versions newer than 1.3.34 for the legacy branch, and 2.0.55 (or newer) for apache2 this can be done very easily because there is a new apache variable that controls if TRACE method is enabled or not this is set in the apache conf file (httpd.conf):\n\nTraceEnable off.\n\n\n','2015-07-16 12:34:53','2015-07-16 12:34:53',12),(216,'Authentication Mechanism - Unlimited Login Attempts \n','The service requires authentication, which allows an unlimited number of login attempts to take place.\n\n','When an unlimited number of login attempts are allowed to authenticate against a service, an attacker can launch a brute force attack in efforts to find valid credentials. \n\n',NULL,'We recommend that the service be configured to prevent unlimited connection attempts to prevent brute force attacks by attackers. \n\n\n','2015-07-16 12:34:53','2015-07-16 12:34:53',12),(217,'Simultaneous Login \n','The application allows the same user to authenticate multiple times onto the application from different IP addresses.\n\n','This vulnerability increases the likelihood that if the account were compromised that an attacker could access the account details and that the victim would not be aware of the unauthorised access.\n\n',NULL,'Configure the application to not allow simultaneous logins and indicate the last logon time during the login process. \n\n\n\n','2015-07-16 12:34:53','2015-07-16 12:34:53',12),(218,'HTTP Methods \n','A modern web service will accept any number of query Methods.\n\n','Many of the more feature-rich methods, unless tightly controlled, can expose the web service to varying degrees of risk. Acceptable web methods are typically GET, POST and CONNECT (in the case of HTTPS).\n\n',NULL,'Ensure that only necessary methods are enabled. Not all extraneous methods can be filtered by all web servers. If any of the methods listed above cannot be disabled in the respective web service, then try filtering that service. Apache can filter methods using ModRewrite, while IIS can filter methods using Microsofts Ulsan. It should be noted that blacklisting unwanted HTTP methods is not recommended since some web servers and application platforms accept arbitrary strings as the HTTP method, which can be used to bypass blacklist filters.\n\nFor ASP.NET, a deny all rule should be added to any authorization block to ensure that a default deny policy has been implemented. This is shown in the following example where only GET and POST requests are allowed for all users:\n<authorization>\n  <allow verbs=\'GET\' users=\'*\'/>\n  <allow verbs=\'POST\' users=\'*\'/>\n  <deny verbs=* users=* />\n</authorization>\nIn order to disable debugging in ASP.NET, edit the web.config file to contain the following:\n    debug=\'false\'\n\nTo secure Java EE applications, remove all of the <http-method> elements from the security constraints in web.xml. This will force the security constraints to apply to all request methods.\n\n<security-constraint>\n  <web-resource-collection>\n    <web-resource-name>site</web-resource-name>\n    <url-pattern>/*</url-pattern>\n  </web-resource-collection>\n</security-constraint>\n\nApplications should never serve JSPs directly. Instead, put all of your JSP files in WEB-INF, and use a controller that uses RequestDispatcher.forward() to send a request to a JSP file.\n\nDevelopers should also ensure that the application uses request parameters based on the designated HTTP method for the page, rather than using a generic parameter request function such as Javas request.getParameter() function.\n\nNGINX:\nBy changing the following lines in the configuration file, the nginx web server will allow only GET, HEAD and POST methods to be used by the system:\n\n   ## Only allow these request methods ##\n   if ($request_method !~ ^(GET|HEAD|POST)$ ) {\n     return 444;\n   }\n\nFollowed by:\n/usr/local/nginx/sbin/nginx t		- This will test new configuration\n/usr/local/nginx/sbin/nginx -s reload	- This will reload the configuration\n\n\n\n','2015-07-16 12:34:53','2015-07-16 12:34:53',12),(219,'Insufficient Input Validation \n','A web application must not accept input (including any form data) without checking, filtering, or encoding it. An application must not even pass un-validated data back to the same user, as another user may have surreptitiously supplied the data.\n\n','A website may inadvertently include malicious HTML tags or script in a dynamically generated page based on un-validated input from untrustworthy sources. This can be a problem when a web server does not adequately ensure that generated pages are properly encoded to prevent unintended execution of scripts, and when input is not validated to prevent malicious HTML from being presented to the user. The specific impact can vary greatly depending on the language selected by the attacker and the configuration of any authentic pages involved in the attack. Some examples that may not be immediately obvious are; SSL-encrypted connections may be exposed; attacks may be persistent through poisoned cookies; attacker may access restricted websites from the client; domain-based security policies may be violated; use of less-common character sets may present additional risk; attacker may alter the behaviour of forms.\n\n',NULL,'Implement server-side validation for user input. Validating user input correctly will prevent an attacker from entering HTML, client side scripts, SQL queries, or other malicious content, for further exploitation. Ensure that the HTML output specifies the character set used.\nThe recommended validation method is to only allow known values to be accepted, such as 1, 2, and 3, and then reject any other input.\nIf this is not possible then input containing only known good characters should be allowed. An example may be to only allow numbers, and then any other input containing letters or symbols would be rejected.\n\nIf known good characters are not able to be determined then input containing known bad characters should be rejected. Non-alphanumeric characters such as ()[],<>~#%+=*; should not be allowed to be posted to back-end databases or search engines. This is not a recommended approach since gaining a comprehensive list of known bad characters can be challenging, especially when taking into account binary input.\nThe last method would be to sanitise input based on a list of known bad characters. Similarly, this is not a recommended approach.\n\nThe application should perform proper canonicalization on the server input and output before validating for malicious characters. Browsers are very flexible as to how they render HTML, and they will actually correct HTML mistakes (i.e. add missing tags and quotation marks). For example, there are approximately 60 different ways to encode the \'<\' bracket character (i.e.: &#60; &#060, &#0060). The application should ensure that it converts all variations of the bracket to the \'<\' symbol first, and only then validate the input to protect against that character.\nFor each of these methods, the length of input should also be validated to protect against buffer-overflow attacks, as well as reducing the number of characters an attacker is able to use to create an exploit.\n\nAll application developers should be trained in secure coding practices to ensure all production code is maintained to an organisationally accepted baseline. Install and maintain a strict QA process that can be used to verify and validate coding practices, and to minimise or remove common application vulnerabilities before they are released to production systems.\n\n\n','2015-07-16 12:34:53','2015-07-16 12:34:53',12),(220,'Sensitive Data Stored in Brower Cache \n','Sensitive data is stored in the browsers cache.\n\n','Under certain circumstances, such as a shared computer, a malicious user can view sensitive information by accessing the browsers cache. The browser may save sensitive data on the hard drive when the cache control headers are not set properly in the servers response.\n\n',NULL,'Ensure that appropriate cache control headers are set in the HTTP response headers. An example is shown below:\nExpires: 0\nCache-Control: no-store, no-cache, must-revalidate, proxy-revalidate\nPragma: no-cache\n\nTo verify that sensitive information is not cached, the following is a list of default cache locations for common browsers:\n* Internet Explorer  subdirectories of C:Documents and Settings{username}Local SettingsTemporary Internet FilesContent.IE5\n\n* Firefox (on Windows)  C: :Documents and Settings{username}Local SettingsApplication DataMozillaFirefoxProfiles{profile name}Cache\n\n* Firefox (on Linux) - ~/.mozilla/firefox/{profile name}/Cache\n\n\n','2015-07-16 12:34:53','2015-07-16 12:34:53',12),(221,'PHP Information Disclosure - phpinfo() \n','The web server contains and allows execution of the phpinfo.php script.\n\n','The phpinfo.php script reveals a very large amount of information about the remote web server, which can be used by an attacker to engineer a more extensive attack on the system\n\n',NULL,'The phpinfo() function script is only necessary for testing, and should be removed or disabled on production web servers.\n\n\n','2015-07-16 12:34:53','2015-07-16 12:34:53',12),(222,'Frameable Content - Clickjacking \n','Clickjacking is a technique that allows attackers to subvert clicks and may be used to force a victim into submitting unauthorised requests to a web application in which they are currently authenticated.\n\n','It might be possible for a web page controlled by an attacker to load the content of this response within an iframe on the attacker\'s page. This may enable a Clickjacking attack, in which the attacker\'s page overlays the target application\'s interface with a different interface provided by the attacker. \n\nBy inducing victim users to perform actions such as mouse clicks and keystrokes, the attacker can cause them to unwittingly carry out actions within the application that is being targeted. This technique allows the attacker to circumvent defences against cross-site request forgery, and may result in unauthorised actions.\n\n',NULL,'To effectively prevent framing attacks, the application server should return a response header X-Frame-Options: DENY on all pagesto prevent framing altogether, or the X-Frame-Options: SAMEORIGINto allow framing only by pages on the same origin as the response itself.\n\n','2015-07-16 12:34:53','2015-07-16 12:34:53',12),(223,'HTTP Security Headers\n','Setting headers incorrectly cannot only cause a false sense of security, they may even be detrimental to its security posture.\n\n','The insecure implementation of HTTP security headers may leave application susceptible to Cross-Site Scripting and Clickjacking attacks. These attacks could allow the attacker to cause the victims to unwittingly carry out actions within the application that is being targeted, which may result in unauthorised actions.\n\n',NULL,'Strict-Transport-Security HTTP header:\nA Strict-Transport-Security HTTP header should be sent with each HTTPS response. The syntax is as follows:\nStrict-Transport-Security: max-age=<seconds>[; includeSubDomains]\n\nThe parameter max-age gives the time frame for requirement of HTTPS in seconds and should be chosen quite high, e.g. several months. A value below 7776000 is considered as too low by this scanner check. The flag includeSubDomains defines that the policy applies also for sub domains of the sender of the response.\n\nCross-Site Scripting (X-XSS-Protection and X-Content-Type-Options HTTP Headers):\nSet the following HTTP headers at least in all responses which contain user input:\nX-Content-Type-Options: nosniff\nX-XSS-Protection: 1; mode=block\n\nX-Content-Type-Options with nosniff value:\nSet the following HTTP header at least in all responses which contain user input: \nX-Content-Type-Options: nosniff\n\nFor further information please see:\nhttps://blog.veracode.com/2014/03/guidelines-for-setting-security-headers/\n\n\n','2015-07-16 12:34:53','2015-07-16 12:34:53',12),(224,'Internal File System Path Disclosure \n','A full internal file system path was leaked by the application.\n\n','This leaks the file system structure of the web server. This is very useful information for an attacker as they can deduce the internal structure of the existing web applications and containing folders. This then helps in planning other attacks on the server. \n\n',NULL,'Where possible the server should use generic error pages, as its important to minimise any information leaked to an attacker.\n\nThe webserver should manage any input in a manner that prevents errors occurring from input provided by the public. All errors should be sent to a common error page. \n\nIIS web servers can have this configured in the ASP.NET configuration or the application pools within the IIS Manager. \n\n\n','2015-07-16 12:34:53','2015-07-16 12:34:53',12),(225,'Internal IP Address Disclosure \n','An internal IP address was discovered leaking from the webservers.\n\n','This leaks the IP address information of the device and internal network. This is very useful information for an attacker as he can deduce how the internal network and DMZ segments might be configured. This then helps in planning other attacks on the network. \n\n',NULL,'This security weakness appears to be due to a missing patch on the Microsoft IIS 6 web servers. \nhttp://support.microsoft.com/kb/834141/\n\nOther Microsoft IIS versions should refer to the following KB article:\nhttp://support.microsoft.com/default.aspx?scid=KB;EN-US;Q218180\n\n\n','2015-07-16 12:34:53','2015-07-16 12:34:53',12),(226,'Default Error Pages \n','Default error pages are configured on the IIS and ASP platforms.\n\n','The ability to enumerate information from detailed error messages allows an attacker identify devices, operating systems, software versions and installation options. This information may be useful to an attacker in targeting known vulnerabilities or in configuring payloads for certain attacks. \n\n',NULL,'Where possible the server should use generic error pages, as its important to minimise any information leaked to an attacker.\n\nThe webserver should manage any input in a manner that prevents errors occurring from input provided by the public. All errors should be sent to a common error page. \n\nIIS web servers can have this configured in the ASP.NET configuration or the application pools within the IIS Manager.\n\n','2015-07-16 12:34:53','2015-07-16 12:34:53',12),(227,'Detailed Error Messages\n','The web server and application are configured to display detailed error messages.\n\n','The ability to enumerate information from detailed error messages allows an attacker identify devices, operating systems, software versions and installation options. This information may be useful to an attacker in targeting known vulnerabilities or in configuring payloads for certain attacks. \n\n',NULL,'Where possible the server should use generic error pages, as its important to minimise any information leaked to an attacker.\n\nThe webserver should manage any input in a manner that prevents errors occurring from input provided by the public. All errors should be sent to a common error page. \n\nIIS web servers can have this configured in the ASP.NET configuration or the application pools within the IIS Manager.\n\n','2015-07-16 12:34:53','2015-07-16 12:34:53',12),(228,'Incorrect SSL Certificate \n','The SSL certificate for the application does not correspond to the correct hostname.\n\n','An incorrect SSL certificate increases the probability of success that an attacker may have in performing a man-in-the-middle attack due to the end user being prompted with a false-certificate each time. This may allow an attacker to gain access to sensitive information, such as authentication credentials to the application, possibly leading to the system or application becoming compromised.\n\n',NULL,'Ensure that all production systems have valid SSL certificates to minimise the risk of sensitive information, such as authentication credentials, being captured by an attacker.\n\n\n','2015-07-16 12:34:53','2015-07-16 12:34:53',12),(229,'Expired SSL Certificate \n','The SSL certificate for the application has expired.\n\n','An expired SSL certificate increases the probability of success that an attacker may have in performing a man-in-the-middle attack due to the end user being prompted with a false-certificate each time. This may allow an attacker to gain access to sensitive information, such as authentication credentials to the application, possibly leading to the system or application becoming compromised.\n\n',NULL,'Ensure that all production systems have valid SSL certificates to minimise the risk of sensitive information, such as authentication credentials, being captured by an attacker.\n\n\n','2015-07-16 12:34:53','2015-07-16 12:34:53',12),(230,'SSL RC4 Cipher Suites Supported \n','The remote service supports the use of the RC4 cipher. The RC4 cipher is flawed in its generation of a pseudo-random stream of bytes so that a wide variety of small biases are introduced into the stream, decreasing its randomness.\n\n','If plaintext is repeatedly encrypted (e.g. HTTP cookies), and an attacker is able to obtain many (i.e. tens of millions) ciphertexts, the attacker may be able to derive the plaintext.\n\n',NULL,'Reconfigure the affected application, if possible, to avoid use of RC4 ciphers.\n\n\n','2015-07-16 12:34:53','2015-07-16 12:34:53',12),(231,'Comments Within Code \n','There are comments left within the ASP and HTML source and scripts.\n\n','Comments left within code give an attacker an insight in to the names, roles and updates to the system. \n\n',NULL,'Remove all comments from HTML and JavaScript code.\n\n','2015-07-16 12:34:53','2015-07-16 12:34:53',12),(232,'Default Files and Directories \n','HackLabs discovered default files and directories left on the systems.\n\n','Default files and directories provide an attacker with insight in to the application, operating system or solution in use.\n\n',NULL,'Remove default application and system files and directories from systems. \n\n\n','2015-07-16 12:34:53','2015-07-16 12:34:53',12),(233,'Robots.txt File\n','The file robots.txt is available on the websites root folder.\n\n','The robots.txt file is a file that informs web spiders not to access any of the directories listed within. Whilst not inherently dangerous, and attacker can use the information within the robots.txt file to glean important information regarding the setup of the directory structure of the web server.\n\n',NULL,'robots.txt should be removed from the web server. Identical functionality can be implemented via HTTP Meta tags. \n\n\n','2015-07-16 12:34:53','2015-07-16 12:34:53',12),(234,'Header or Banner Information Disclosure \n','Banner information was available allowing us to identify the services running on the systems.\n\n','Allowing an attacker to enumerate the services and versions running on the system assists him in identifying attack opportunities. Further several services online now allow opportunistic attackers to identify servers running specific services that have known security vulnerabilities. (E.g This link searches shodanhq for servers still running IIS 4.0 http://www.shodanhq.com/?q=iis4.0)\n\nExploits are released daily, so whilst an attack may not be available today, this may not be the situation tomorrow. Which is why an on going vulnerability management program should be used to identify and manage identified security vulnerabilities (See the Managed Vulnerability Service - http://www.hacklabs.com/vulnerability-management/ description for a better understanding of this process).\n\n',NULL,'We recommend that were possible banners should be removed from the services to minimise the likelihood of detecting which version and software is running. With IIS This can be configured with URLScan 3.1. \n\n\n','2015-07-16 12:34:53','2015-07-16 12:34:53',12),(235,'Public Information Leakage \n','Information disclosed inappropriately can lead an attacker to target their attack and save significant time in the enumeration phase.\n\n','While this vulnerability itself can be dangerous (i.e. the disclosure of sensitive information), it is typically resources most commonly used within the every-day operations of an organisation (such as contact details, internal terminology, etc) that are disclosed externally with little concern.\n\n',NULL,'Ensure that information is disclosed only to those who need it. Only those information assets classified as public should be divulged openly or published on Internet-enabled services. Employees conducting private business should not use company identifiers (such as their corporate email address) particularly on public systems.\n\n\n','2015-07-16 12:34:53','2015-07-16 12:34:53',12),(236,'Alternate Version of File Detected \n','Variants of the same file were found to exist on the web server.\n\n','If proper change control procedures are not put in place, adhoc alterations to production systems may leave weaknesses in the security of the application through actions such as renaming an old version of a file and leaving it within the webspace of the web server. Alternate or old versions of files may allow an attacker to exploit flawed functionality within the web application that has since been corrected, or may allow an attacker to gain access to the source code of the underlying file. This may allow an attacker to gain an insight into the development of the application, or even bypass security controls, possibly leading to the compromise of web application accounts.\n\n',NULL,'Ensure that all non-production files are removed from production systems or are contained by tight ACLs.\n\n\n','2015-07-16 12:34:53','2015-07-16 12:34:53',12),(237,'Vulnerable Software \n','Software versions were found to have exploitable vulnerabilities.\n\n','Third party software is often used to easily enhance the functionality of a web application; however, vulnerabilities are also commonly found in third party software versions. If the third party does not maintain this software properly, and patches or upgrades are not performed in a timely manner, then these vulnerabilities may be identified by attackers and exploited. Exploits for identified vulnerabilities are often released publicly in vulnerability databases, security advisories, vulnerability scanners, and exploit frameworks. The impact of successfully exploiting identified vulnerabilities is dependant upon the vulnerability instance; however, may range from information disclosure right through to full system compromise.\nThe risk associated with this vulnerability has been adjusted to reflect the highest risk vulnerability that was identified.\n\n',NULL,'Vulnerable third party software should have any relevant security patches applied, or upgraded to the latest software version to minimise the number of vulnerabilities that have been identified within the software version. If a fix has not been developed for the identified vulnerabilities then the vendor should be contacted for a solution or a workaround.\nIt is recommended that a proper patch management and upgrade process be implemented with auditing capabilities to ensure proper patches are installed and updated as necessary.\nSolutions to the specific vulnerabilities identified within this penetration test are detailed at the Appendix 1  Vulnerable Software\n\n\n','2015-07-16 12:34:53','2015-07-16 12:34:53',9),(238,'IDS Monitoring & Alerting \n','There is no Intrusions Detection/Prevention Systems (IDS) operating designed to detect an attack and block access noted during the testing.\n\n','Intrusion Detection/Prevention Systems (IDS/IPS) are used to detect attacks on the critical systems. \n\n',NULL,'The IDS systems in place should be confirmed with the provider and should be tested and tuned to ensure they are able to detect and block malicious and focused hacking attempts. Alternatives such as an independent host based IDS could be used to protect and defend the systems from attacks such as a Web Application Firewall module for Apache.\n\n\n','2015-07-16 12:34:53','2015-07-16 12:34:53',9),(239,'Mail Server Allows Relay \n','The mail server allows open relaying of emails\n\n','The ability to send emails to any external email address without any form of authentication is highly dangerous as the server is open to abuse from external use, such as Email Spammers. An attacker could use this vulnerability to send spoofed emails via the organisations mail server to distribute spam. This could end up with the mail server being blacklisted and email being lost.\n\n',NULL,'The SMTP server should be configured so that emails originating from only authorised IP addresses are allowed to be relayed.\n\n\n','2015-07-16 12:34:53','2015-07-16 12:34:53',9),(240,'Reverse SMTP Non-Delivery Report Attack \n','The SMTP server is configured to send Non-Delivery Reports with the original email attached.\n\n','Non-Delivery Reports (NDR) are bounced email messages that are generated by the receiving mail server when the recipient email address does not exist. The NDR is sent back to the senders email address, along with the original email message. If an attacker is able to trigger a NDR via the target mail server using a spoofed arbitrary senders email address, then the attacker is able to use the mail server in the form of an open mail relay. This is often used to distribute spam via the target mail server since the original spam message will be sent by the target mail server back to the spoofed email address within the NDR.\n\n',NULL,'Configure mail servers so that Non-Delivery Reports do not contain the original email message.\n\n\n','2015-07-16 12:34:53','2015-07-16 12:34:53',9),(241,'DNS Server allows Zone Transfers \n','Zone transfers contain lists that identify every computer registered with the DNS server. \n\n','Zone transfer is a method that a secondary Domain Name Server uses to update its information from the primary Domain Name Server. A Zone Transfer file contains IP addresses and aliases for a network. This information is highly useful to an attacker for enumerating a large network.\n\n',NULL,'Zone transfers if required, should be restricted to legitimate secondary DNS servers. In this case, because the DNS information appears out of date, the DNS service should be disabled.\n\n\n','2015-07-16 12:34:53','2015-07-16 12:34:53',9),(242,'Administrative Services Available \n','Administrative services were found to be available to the Internet.\n\n','Administrative services are generally used by Administrators so that they can login and configure the device, and therefore require more secure security controls. Common administrative services include Telnet, SSH, SNMP and Administrative web interfaces. An attacker may be able to perform brute-force attacks against these services in an attempt to gain remote administrative access to the device. This would provide an attacker with a foothold within the organisations network. At this point the attacker could use other privilege escalation techniques to further their foothold to gain access to the internal network.\n\n',NULL,'Administrative services should not be open to the Internet due to their sensitive nature. Routers, firewalls, and web servers should be configured to restrict access to these services to only those IP addresses that require access.\n\n\n\n','2015-07-16 12:34:53','2015-07-16 12:34:53',9),(243,'Vulnerable BIND 9 DNS Server Software \n','The DNS server software installation (BIND 9) suffers from a cache poisoning vulnerability.\n\n','A vulnerability exists due to an error in DNSSEC NSEC/NSEC3 validation code which could cause caching of bogus NXDOMAIN responses without correctly validating them. This could allow an attacker to perform a DNS Cache Poisoning attack in support of further man-in-the-middle attacks.\n\n',NULL,'The DNS server software should be upgraded to a version that is not vulnerable. Restricting recursive queries should also reduce the ability of an attacker to exploit this vulnerability.\n\n\n','2015-07-16 12:34:53','2015-07-16 12:34:53',9),(244,'Default SNMP Community Strings \n','Default SNMP strings were discovered in the environment.\n\n','Sensitive information can be gleaned from SNMP services, including accounts and services running. An attacker would be able to use the discovered account names to launch a password grinding attack the services running.\n\n',NULL,'We suggest disabling insecure SNMP services, failing that, more secure community names should be specified. SNMPv1 and SNMPv2 transmit their strings in clear text.\n\nWhere possible SNMPv3 should be used since it supports encryption.\n\n\n','2015-07-16 12:34:53','2015-07-16 12:34:53',9),(245,'Unencrypted Protocols \n','Unencrypted protocols send all data across the network in clear text.\n\n','Unencrypted protocols, such as Telnet, FTP, HTTP, etc. have been found to be susceptible to allowing session capturing via a man-in-the-middle attack, and sniffing the network traffic on the LAN. This may allow an attacker to gain access to sensitive information such as usernames and passwords, allowing systems to be compromised.\n\n',NULL,'Unencrypted protocols should not be used to transfer any potentially sensitive information, including usernames, passwords, password hashes, emails, or any other non-public information.\n\nIt is recommended that all unencrypted protocols transferring this type of information either have their built-in encryption enabled, be replaced by their encrypted counterpart, or be tunneled through an encrypted connection, such as SSL, SSH or an IPSec VPN connection. For example: Some Terminal Servers support TLS encryption for RDP. If your server does not support encryption then either upgrade your server, or tunnel your RDP session through an encrypted connection.\n\nHTTP should be replaced with HTTPS.\n\nSMB and TDS support domain logins, which provide password encryption, but does not support full session encryption. Therefore, tunnel any SMB or TDS sessions through encrypted connections.\nTelnet and FTP should be replaced with the latest version 2.x SSH protocol.\n\nSNMP should be replaced with SNMPv3, which supports encryption.\n\nSMTP, POP and IMAP should be replaced with SMTPS, POP3S, and IMAPS respectively.\nEnsure that the chosen encryption type is known to use a strong encryption algorithm.\n\n\n','2015-07-16 12:34:53','2015-07-16 12:34:53',9),(246,'DNS Server Allows Relay \n','DNS relaying is where a third party can query a given DNS server for other third party DNS entries.\n\n','A number of potential issues are raised through this single vulnerability. By querying vulnerable servers with the recursion bit set, a remote attacker can bounce Denial of Service attacks against other networks or systems, may be able to determine which domains have recently been resolved via the vulnerable name server, and therefore deduce which hosts have been recently visited or accessed, and may be able to perform DNS Cache Poisoning attacks, which may lead to man-in-the-middle attacks.\n\n',NULL,'Reconfigure the DNS server to restrict queries to those originating from authorised hosts, blocking queries from third parties. Additionally, restrict recursive queries to those hosts authorised to do so.\n\n\n','2015-07-16 12:34:53','2015-07-16 12:34:53',9),(247,'DNS Server Recursive Query Cache Poisoning Weakness \n','The remote name server allows recursive queries to be performed by an external entity.\n\n','It is possible to query the remote name server for third party names.\nIf this is your internal nameserver, then the attack vector may be limited to employees or guest access if allowed. If you are probing a remote nameserver, then it allows anyone to use it to resolve third party names (such as www.hacklabs.com).\nThis allows attackers to perform cache poisoning attacks against this nameserver.\nIf the host allows these recursive queries via UDP, then the host can be used to \'bounce\' Denial of Service attacks against another network or system.\n\n',NULL,'Restrict recursive queries to the hosts that should use this nameserver (such as those of the LAN connected to it). If you are using bind 8, you can do this by using the instruction \'allow-recursion\' in the \'options\' section of your named.conf.\nIf you are using bind 9, you can define a grouping of internal addresses using the \'acl\' command.\nThen, within the options block, you can explicitly state: \'allow-recursion { hosts_defined_in_acl }\'\nIf you are using another name server, consult its documentation.\n\n\n','2015-07-16 12:34:53','2015-07-16 12:34:53',9),(248,'Email Spoofing \n','The Mail Server allows the delivery from spoofed email addresses.\n\n','The ability to send emails from a spoofed email account (internal or external) to any internal email address may lead to social engineering attacks, such as phishing scams, or attackers attempting to trick a user into providing authentication credentials. This could eventually lead to systems becoming compromised via non-security minded employees.\n\n',NULL,'Configure the mail relays so that they perform checks to determine whether an email address has been spoofed. Some methods to detect email address spoofing include using DomainKeys, Sender Policy Framework (SPF), or Microsofts Sender ID. Microsoft has added SPF support to Exchange with Service Pack 2, and there are SPF plugins that can be downloaded for Sendmail and Postfix.\n\n\n','2015-07-16 12:34:53','2015-07-16 12:34:53',9),(249,'Anonymous Enumeration \n','The Windows domain controller allows an anonymous enumeration to be performed.\n\n','An anonymous connection to the domain controller (the server) allows a user to gain read access to the contents of the user directory without authentication. This allows an attacker to gain a large amount of sensitive information, including usernames and configuration information. This allows a hacker to perform brute-force attacks against account names, or perform social engineering attacks using the information found.\n\n',NULL,'HackLabs recommends that anonymous connections be disabled on the server so that only authorised persons are able to access any sensitive information stored on the server. This can be configured within the local security policy under security options.\n\n\n','2015-07-16 12:34:53','2015-07-16 12:34:53',9),(250,'SSH Protocol Version 1.x \n','SSH protocol version 1.x is known to be a weak security protocol.\n\n','SSH protocol version 1.x has been found to be a relatively insecure protocol, allowing sessions to be captured and decrypted via a man-in-the-middle attack. This may allow an attacker to gain access to sensitive information such as usernames and passwords, allowing systems to be compromised.\n\n',NULL,'All SSH clients and servers must be configured to only support the SSH version 2.x protocol. Both the clients and servers must not be configured to fall back to SSH protocol version 1.x. This can be implemented in the sshd configuration file by setting the Protocol value to be 2.\n\n\n','2015-07-16 12:34:53','2015-07-16 12:34:53',9),(251,'SMTP Content Filter Bypass \n','An active content filter bypass condition exists in the remote SMTP filtering servers handling of ACE archives.\n\n','Any file that is blocked by the remote SMTP content filter can still be successfully sent to a recipient (internal or external) from any source, simply by compressing the file within an ACE archive. A malicious user may still be able send dangerous files that could lead to a full system compromise to unsuspecting internal users. The victim will still need to open and run the executable. \n\n',NULL,'Configure the remote SMTP server to apply the active content filtering to all archived MIME attachments. \n\n\n','2015-07-16 12:34:53','2015-07-16 12:34:53',9),(252,'IKE Aggressive Mode PSK Attack \n','In IKE Aggressive Mode the authentication hash based on a Pre-Shared Key (PSK) is transmitted as a response to the initial packet of a VPN client that wants to establish an IPSec Tunnel (Hash_R). This hash is not encrypted. Its possible to capture these packets using a packet sniffer and to start dictionary or brute force attacks against this hash to recover the PSK. \n\n','This attack only works in IKE Aggressive Mode because in IKE Main Mode the hash is already encrypted. Based on this fact IKE Aggressive mode is not very secure. This leaves the effective security of the target systems down to two things; the strength of the PSK as a crackable password, and the internally enforced security policy, once the attacker leaves the VPN pipe on the inside of the target organisation. Details of this attack type can be found in the paper: http://www.ernw.de/download/pskattack.pdf\n\n',NULL,'Deploy only IKE Main Mode IPSec - do not deploy IKE Aggressive Mode. Consider the use of dynamic authentication credentials, such as one-time passwords or hardware tokens. Consider the use of packet filtering to minimise exposure to the IKE service (500/UDP).\n\n\n','2015-07-16 12:34:53','2015-07-16 12:34:53',9),(253,'NetBIOS Enumeration \n','NetBIOS is a simplistic protocol designed for the sharing of resources across a network of Windows based hosts. No authentication of any kind is required to view important information regarding other machines in a network.\n\n','A wealth of information can be gleaned from a server using NetBIOS. Information such as user names, password policy, and domain information can all be discovered. HackLabs successfully used simple techniques to glean important information from the target.\n\n',NULL,'Filter ports 135 and 139 at all perimeter firewalls and routers.\n\n\n','2015-07-16 12:34:53','2015-07-16 12:34:53',9),(254,'SID Enumeration \n','The Windows domain controller allows SID enumeration to be performed.\n\n','An unauthenticated connection to the domain controller allows an attacker to gain read access to the contents of the user directory. This allows an attacker to gain sensitive information, including usernames and configuration information. Which then in turn is used to perform a brute-force attack against the discovered account names, or perform social engineering attacks with the information gathered.\n\n',NULL,'HackLabs recommends that SID connection methods be disabled on the server. This can be configured within the machines security policy under security options.\n\nPerform the following steps to disallow anonymous SID/Name translation:  \n\n1. STEP 1: Open the group policy editor focused on the appropriate object [Start] > [Run] and type \'mmc\' in the command windows. [File] > [Add/remove Snap in] > [Add] > scroll to and select [Group Policy Object Editor] > [Finish] > [Add] > [Close] > [OK]. If the server is a member of the domain, apply to the container of that server. If not a member of the domain, apply via the local security policy. \n\n2. STEP 2: Navigate to the following subtree location: [Computer Configuration] > [Windows Settings] > [Security Settings] > [Local Policies] > [Security Options]. \n\n3. STEP 3: <Double-click> on the security option labeled [Network access: Allow anonymous SID/Name translation]. \n\n4. STEP 4: Select \'Disable\' \n\n5. STEP 5: Click [OK].\n\n\n','2015-07-16 12:34:53','2015-07-16 12:34:53',9),(255,'War Dialing \n','War Dialling is a technique used by hackers by dialling a range of phone numbers looking for tones that indicate the presence of a modem.\n\n','An attacker will use War Dialling techniques to find and penetrate unsecured modems. This provides an attacker with a backdoor into an organisations network without having to pass through the border firewalls or intrusion detection and prevention systems.\n\n',NULL,'All remote access to the organisations network should be performed via authentication to a VPN server, which would provide the relevant remote authorisation to relevant systems.\nIf dial-up connections are required by the organisation, then ensure that the modems are correctly configured based on the type of modem and on best practice security. Ensure that strong authentication schemes are used to provide authorisation to the network.\n\n\n','2015-07-16 12:34:53','2015-07-16 12:34:53',9),(256,'Unvalidated Denial of Service \n','A Denial of Service (DoS) attack may be possible against the system.\n\n','Denial of Service conditions may come about due to vulnerabilities within software, or due to old or unstable hardware not being able to handle the load on the system. This may allow an attacker to cause the system to stop responding in such a way that production services are unable to be carried out by either exploiting the DoS vulnerability or by increasing the load on the server by sending a large number of requests.\n\n',NULL,'The {client 1} team should investigate the reason behind the slow response times and mitigate the issues to ensure that an attacker is not able to easily perform a Denial of Service attack against the web application.\n\n\n','2015-07-16 12:34:53','2015-07-16 12:34:53',9),(257,'Insufficient IDS Tuning \n','IDS systems were found to be insufficiently tuned to detect attacks.\n\n','Intrusion Detection Systems (IDS) are used to detect attack patterns, such as port scanning, vulnerability scanning, brute-force attacks and exploitation attempts. If the IDS is not tuned to an optimal level then attacks may go undetected by the IDS, and the security team would not be alerted to the malicious activity. This may allow an attacker to successfully carry out attacks on the network without being caught, possibly leading to compromised systems.\n\n',NULL,'The NIDS and HIDS systems should be tuned so that they are much more sensitive to attacks such as port scanning, vulnerability scanning, brute-force attacks and exploitation attempts. The respective vendors should be contacted to determine what the best practice configuration is recommended for each device.\n\n\n','2015-07-16 12:34:53','2015-07-16 12:34:53',9),(258,'SMTP Service Information Disclosure \n','The server was found to respond to the SMTP VRFY and EXPN commands.\n\n','The VRFY and EXPN SMTP commands allow an attacker to enumerate a list of usernames and/or email addresses for the system or organisation. This information may then be used to create a more direct attack on the system, or to carry out a social engineering attack. These functions can also be used by spammers to gather email addresses.\n\n',NULL,'The EXPN and VRFY commands are not necessary for mail delivery, and should be disabled to prevent information disclosure.\n\n\n','2015-07-16 12:34:53','2015-07-16 12:34:53',9),(259,'ICMP Requests \n','The host was found to respond to ICMP.\n\n','ICMP is often used to test whether a host is alive, generally via the ping utility. An attacker may be able to use ICMP to determine available hosts on the network during the reconnaissance stage of an attack to narrow down the possible targets. This information may then be used to launch further attacks against these systems. Other ICMP types also leak additional information, such as ICMP Timestamp requests that can be used to determine the current time on the target. This may be useful when trying to bypass time based defences. Other threats that ICMP may introduce range from potential exploitable vulnerabilities within an ICMP implementation, through to Denial of Service attacks such as The Ping of Death or Smurf Attacks.\n\n',NULL,'Ensure that perimeter firewalls and routers block all inbound and outbound ICMP packet types. In many UNIX operating systems it is possible to change the default configuration of the file boot.local to prevent the system from responding to ICMP requests.\n\n\n','2015-07-16 12:34:53','2015-07-16 12:34:53',9),(260,'PHP Information Disclosure (phpinfo.php) \n','The web server contains and allows execution of the phpinfo.php script.\n\n','The phpinfo.php script reveals a very large amount of information about the remote web server, which can be used by an attacker to engineer a more extensive attack on the system\n\n',NULL,'The phpinfo script is only necessary for testing, and should be removed or disabled on production web servers.\n\n\n','2015-07-16 12:34:53','2015-07-16 12:34:53',9),(261,'SSL RC4 Cipher Suites Supported \n','The remote service supports the use of the RC4 cipher. The RC4 cipher is flawed in its generation of a pseudo-random stream of bytes so that a wide variety of small biases are introduced into the stream, decreasing its randomness.\n\n','If plaintext is repeatedly encrypted (e.g. HTTP cookies), and an attacker is able to obtain many (i.e. tens of millions) ciphertexts, the attacker may be able to derive the plaintext.\n\n',NULL,'Reconfigure the affected application, if possible, to avoid use of RC4 ciphers. In windows this can be achieved by applying patches associated with Microsoft Security Advisory (2868725).\n\n\n','2015-07-16 12:34:53','2015-07-16 12:34:53',9),(262,'HTTP Methods \n','A modern web service will accept any number of query Methods.\n\n','Many of the more feature-rich methods, unless tightly controlled, can expose the web service to varying degrees of risk. Acceptable web methods are typically GET, POST and CONNECT (in the case of HTTPS).\n\n',NULL,'Ensure that only necessary methods are enabled. Not all extraneous methods can be filtered by all web servers. If any of the methods listed above cannot be disabled in the respective web service, then try filtering that service. Apache can filter methods using ModRewrite, while IIS can filter methods using Microsofts Ulsan. It should be noted that blacklisting unwanted HTTP methods is not recommended since some web servers and application platforms accept arbitrary strings as the HTTP method, which can be used to bypass blacklist filters.\n\nFor ASP.NET, a deny all rule should be added to any authorization block to ensure that a default deny policy has been implemented. This is shown in the following example where only GET and POST requests are allowed for all users:\n<authorization>\n  <allow verbs=\'GET\' users=\'*\'/>\n  <allow verbs=\'POST\' users=\'*\'/>\n  <deny verbs=* users=* />\n</authorization>\nIn order to disable debugging in ASP.NET, edit the web.config file to contain the following:\n    debug=\'false\'\n\nTo secure Java EE applications, remove all of the <http-method> elements from the security constraints in web.xml. This will force the security constraints to apply to all request methods.\n\n<security-constraint>\n  <web-resource-collection>\n    <web-resource-name>site</web-resource-name>\n    <url-pattern>/*</url-pattern>\n  </web-resource-collection>\n</security-constraint>\n\nApplications should never serve JSPs directly. Instead, put all of your JSP files in WEB-INF, and use a controller that uses RequestDispatcher.forward() to send a request to a JSP file.\n\nDevelopers should also ensure that the application uses request parameters based on the designated HTTP method for the page, rather than using a generic parameter request function such as Javas request.getParameter() function.\n\nNGINX:\nBy changing the following lines in the configuration file, the nginx web server will allow only GET, HEAD and POST methods to be used by the system:\n\n   ## Only allow these request methods ##\n   if ($request_method !~ ^(GET|HEAD|POST)$ ) {\n     return 444;\n   }\n\nFollowed by:\n/usr/local/nginx/sbin/nginx t		- This will test new configuration\n/usr/local/nginx/sbin/nginx -s reload	- This will reload the configuration\n\n\n\n','2015-07-16 12:34:53','2015-07-16 12:34:53',9),(263,'Port Scan \n','TCP and UDP port scans are usually performed against a target system in order to determine which services are running on the target hosts. In addition, port-scanning techniques can often reveal the version of operating system software that is being used due to the unique footprints that various TCP stack implementations provide.\n\n','The fact that ports and services can be identified through port scanning techniques is a fact of life, and it is important that the number of open and closed ports be reduced to the bare minimum required to support the correct operation of the system and its applications. The potential risk for a system lies in the fact that ports remain open even when the services are not needed, and each open port adds to the risk that the system may be compromised through that open port. Closed ports represent a non-direct security risk in that if an attacker were to compromise the target, then a back-door may be installed to listen on a closed port, giving the attacker a route back in to the system for a future attack.\nIt should not be assumed that a system is safe, simply because it is protected by a firewall. Each system should be secured on the assumption that the firewall may be compromised and that the system should be able to withstand a direct attack.\nThe information gleaned from banner grabbing allows an attacker to enumerate the running services and to direct an attack more effectively.\n\n',NULL,'Remove all unnecessary services through server configuration, and ensure that the border firewall only allows production ports to be accessible from the Internet.\nThe configuration of IPID randomness is strongly dependant upon the operating system and may not be possible to configure random IPID sequences. Generally printers, Windows servers, older Linux hosts, FreeBSD and Mac OS boxes are often found to have predictable IPID sequences. The latest versions of Linux, Solaris, and OpenBSD generally have random IPID sequences, and have options to configure the predictability levels. Firewalls should be configured to prevent spoofing attacks so that external attackers cannot use Idle Scans to take advantage of predictable IPID sequences.\n\n\n','2015-07-16 12:34:53','2015-07-16 12:34:53',9),(264,'Public Information Leakage \n','Information disclosed inappropriately can lead an attacker to target their attack and save significant time in the enumeration phase.\n','While this vulnerability itself can be dangerous (i.e. the disclosure of sensitive information), it is typically resources most commonly used within the every-day operations of an organisation (such as contact details, internal terminology, etc.) that are disclosed externally with little concern.\n',NULL,'Ensure that information is disclosed only to those who need it. Only those information assets classified as public should be divulged openly or published on Internet-enabled services. Employees conducting private business should not use company identifiers (such as their corporate email address) particularly on public systems.\n\n\n','2015-07-16 12:34:53','2015-07-16 12:34:53',9),(265,'Web Services in Default State \n','Web services appear to be in a default state.\n\n','Web servers are generally not in their most secure configuration when they are in their default state. Insecure configurations can introduce vulnerabilities into the web service, possibly allowing attackers to exploit the service to gain remote control over the system.\n\n',NULL,'Ensure that all unnecessary services are removed, and all remaining services are fully patched and hardened to ensure weak default configurations are not present on production services.\n\n\n','2015-07-16 12:34:53','2015-07-16 12:34:53',9),(266,'Finger User Information Enumeration \n','The Finger protocol allows users to query a Remote User Information Protocol. \n\n','The Finger protocol allows an attacker to gather a list of usernames on the system by simply querying who is logged onto the system. Further information is then able to be gathered by querying detailed information about the user, possibly aiding in social engineering attacks. Some versions of Finger support recursive queries, in which a query sent to the server will then query other servers. This recursive function may allow an attack to use the server as a relay. No authentication of any kind is required to obtain this information.\n\n',NULL,'If the Finger protocol is not a production service, then this service should be disabled and port 79/TCP should be filtered on the host.\n\n\n','2015-07-16 12:34:53','2015-07-16 12:34:53',9),(267,'Auth/Ident Enumeration \n','Auth is a protocol designed for obtaining and verifying user credentials.\n\n','By supplying a source and destination port an attacker is able to enumerate users by TCP connection. No authentication of any kind is required to obtain this information.\n\n',NULL,'Filter port 113/TCP at perimeter firewalls.\n\n\n','2015-07-16 12:34:53','2015-07-16 12:34:53',9),(268,'NTP Variable Queries \n','It is possible to determine a lot of information about the remote host by querying the NTP (Network Time Protocol) variables.\n\n','It is possible to query the NTP variables on the system which may allow information such as the Operating System type and version to be gathered, as well as other detailed system information. This may allow an attacker to perform a more direct attack against the system.\n\n',NULL,'Ensure that the NTP daemon is configured so that it does not allow NTP variables to be queried. The NTP daemon could also be set up so that authentication is required to access the server; however, this authentication is sent across the network in clear-text, and therefore, may be captured by an attacker.\n\n\n','2015-07-16 12:34:53','2015-07-16 12:34:53',9),(269,'SQL Server Password Control \n','The Domain Controller had a Null password configured for the SQL Administrator (SA) account. \n\n','Microsofts SQL Server services often runs as an administrative user within the Windows OS that it is running on. A null (empty) SQL Administrator (SA) account password allows an attacker to easily gain both complete control over the data in that database, and the opportunity to execute commands as an administrative user.\n\nAs such, one null or weak SA password provides enough access to gain administrative access or a launch pad to gain it in the Windows Domain.\n\n',NULL,'Password policies should be enforced on all servers and services they provide a regular audit of user accounts and the password strength should be performed frequently.\n\nAs a secondary protection, do not allow xp command shell on SQL servers unless absolutely required.\n\nEnsure that a password has been assigned to the SA account on all Microsoft SQL Servers on the network.\n\nInstructions can be found here for changing SQL account passwords. http://msdn.microsoft.com/library/default.asp?url=/library/en-us/modadmin/html/deconchangingsqlserveradministratorlogin.asp\n\n\n','2015-07-16 12:34:53','2015-07-16 12:34:53',10),(270,'Poor Access Controls/Design \n','No access controls were found between the webservers and the internal network. This configuration is akin to a flat network. If one system in the <company name. not including pty ltd> IT environment (internal systems or internet facing systems) was compromised, logically speaking the access allowed unrestricted access including the banking servers (XXXX (Frontend) and Ultracs (Backend) components).\n\n','Network Design and Access controls are used to segment systems and create areas in which untrusted traffic flows i.e. demilitarised zones (DMZ) to specific hosts on the <company name. not including pty ltd> network which required specific communications with Internet hosts or backend systems.\n\nThese access controls may be implemented within switches, routers and more commonly for Internet connected systems firewalls. If access controls are not implemented properly, then an attacker will be able to connect to systems and services that could be very sensitive for an organisation such as Databases and File Servers. \n\n',NULL,'The network needs immediate segmentation performed to minimize the access available to an attacker if any system in the network is compromised. Whilst outside of the scope of this engagement the network needs a complete re-architecture with tight access controls applied to various segment in the network. Such as the following;\n\n\nFigure 87 \n\nHackLabs strongly recommends implementing a corporate firewall with multiple protection services enabled such as Malware filtering, Intrusion Detection and alerting capabilities. A zoning model should be designed to identify access areas and then have firewall rules applied to restrict access as required.\n\nFurther controls on sensitive and high-risk hosts such as the webserver should be deployed such as a host-based firewall and HIDS agents. So that each host can withstand attack and alert administrators when action is required.\n\nAccess to administrative services on all systems should be restricted to ensure that only authorised systems and users are able to access them. Remove any unnecessary services and ensure that access controls only allow production ports to be accessible.\n\n\n\n','2015-07-16 12:34:53','2015-07-16 12:34:53',10),(271,'Vulnerable Software \n','Software versions were found to have exploitable vulnerabilities.\n\n','Third party software is often used to easily enhance the functionality of a web application; however, vulnerabilities are also commonly found in third party software versions. If the third party does not maintain this software properly, and patches or upgrades are not performed in a timely manner, then these vulnerabilities may be identified by attackers and exploited. Exploits for identified vulnerabilities are often released publicly in vulnerability databases, security advisories, vulnerability scanners, and exploit frameworks. The impact of successfully exploiting identified vulnerabilities is dependant upon the vulnerability instance; however, may range from information disclosure, to application account compromise, right through to full system compromise.\nThe risk associated with this vulnerability has been adjusted to reflect the highest risk vulnerability that was identified.\n\n',NULL,'Vulnerable third party software should have any relevant security patches applied, or upgraded to the latest software version to minimise the number of vulnerabilities that have been identified within the software version. If a fix has not been developed for the identified vulnerabilities then the vendor should be contacted for a solution or a workaround.\nIt is recommended that a proper patch management and upgrade process be implemented with auditing capabilities to ensure proper patches are installed and updated as necessary.\nSolutions to the specific vulnerabilities identified within this penetration test are detailed at the Appendix X  Vulnerable Software. \n\n','2015-07-16 12:34:53','2015-07-16 12:34:53',10),(272,'DNS Tunneling \n','DNS traffic is forwarded in and out of the internal domain, allowing for DNS tunnelling attacks.\n\n','Attackers can hide their exploits, payloads and outbound command-and-control traffic inside DNS queries and responses, which will be forwarded by <company name. not including pty ltd> servers to DNS servers controlled by the attacker. Users may also bypass all network egress and proxy restrictions to gain unrestricted Internet access via DNS.\n\n',NULL,'Internal and external DNS services should be wholly separate. Users should not be permitted to perform DNS queries for external services from within the internal network. Any outbound DNS queries should be performed only by the proxy/application firewall.\n\n\n','2015-07-16 12:34:53','2015-07-16 12:34:53',10),(273,'Unencrypted Protocols \n','Unencrypted protocols send all data across the network in clear text.\n\n','Unencrypted protocols, such as Telnet, FTP, HTTP, etc. Have been found to be susceptible to allowing session capturing via a man-in-the-middle attack, and sniffing the network traffic on the LAN. This may allow an attacker to gain access to sensitive information such as usernames and passwords, allowing systems to be compromised.\n\n',NULL,'Unencrypted protocols should not be used to transfer any potentially sensitive information, including usernames, passwords, password hashes, emails, or any other non-public information.\n\nIt is recommended that all unencrypted protocols transferring this type of information either have their built-in encryption enabled, be replaced by their encrypted counterpart, or be tunneled through an encrypted connection, such as SSL, SSH or an IPSec VPN connection. For example: Some Terminal Servers support TLS encryption for RDP. If your server does not support encryption then either upgrade your server, or tunnel your RDP session through an encrypted connection.\n\nHTTP should be replaced with HTTPS.\n\nSMB and TDS support domain logins, which provide password encryption, but does not support full session encryption. Therefore, tunnel any SMB or TDS sessions through encrypted connections.\nTelnet and FTP should be replaced with the latest version 2.x SSH protocol.\n\nSNMP should be replaced with SNMPv3, which supports encryption.\n\nSMTP, POP and IMAP should be replaced with SMTPS, POP3S, and IMAPS respectively.\nEnsure that the chosen encryption type is known to use a strong encryption algorithm.\n\n\n','2015-07-16 12:34:53','2015-07-16 12:34:53',10),(274,'Token Stealing \n','\'Domain Privilege Escalation refers to the ability to use a Delegate token to access other systems, which may otherwise be secure from direct attack. This is possible because Delegate tokens contain authentication credentials and so can be used to access external systems for which those credentials are valid.\n\n','A good example of a use case for this type of attack would be as part of compromising a critical database server. If an attacker were unable to compromise the database server directly then they could turn their attention to the DBAs workstation, since their user account will often have legitimate access to the database servers themselves. If they successfully compromised the workstation then they could use the tokens present to access the database server.\'\n\n',NULL,'There is very little that can be done to prevent Token Stealing due to the design of Microsoft systems and as such HackLabs recommends that limiting service accounts from accessing end user systems and shared systems (Citrix etc.)\n\nFurther Information;\nWhitepaper:\nhttp://www.mwrinfosecurity.com/publications/mwri_security-implications-of-windows-access-tokens_2008-04-14.pdf\n\nProject website:\nhttp://sourceforge.net/projects/incognito\n\nDEFCON 15 Presentation (pdf):\nhttp://www.defcon.org/images/defcon-15/dc15-presentations/dc-15-jennings.pdf\n\nRelated:\nToken Kidnapping by Cesar:\nhttp://www.argeniss.com/research/TokenKidnapping.pdf\n\n\n\n','2015-07-16 12:34:53','2015-07-16 12:34:53',10),(275,'ARP Cache Poisoning \n','ARP Cache Poisoning enables an attacker on the internal network segment the ability to intercept and sniff traffic between hosts on the LAN.\n\n','ARP Cache Poisoning is an attacking on the LAN by sending to target hosts ARP cache, forged ARP request and reply packets. This changes the MAC address of target systems to one that the attacker can monitor. This allows the attacker the ability to capture the network traffic on the LAN, Allowing the attacker to gather clear text and encrypted sessions.\n\n',NULL,'Switches can protect against ARP Cache Poisoning with two security controls;\nDynamic ARP Inspection \nDHCP Snooping security features. \n\nThese features help protect from attacks on the switch by not forwarding invalid ARP (Address Resolution Protocol) requests and responses to other ports in the same VLAN. \nWe recommend that these be enabled on the HP switches if possible.\n\nFurther help with these controls are available here Arp Cache Poisoning \n\n\n','2015-07-16 12:34:53','2015-07-16 12:34:53',10),(276,'Password Quality \n','When an attacker has access to the network (as achieved with the <company name. not including pty ltd> domain). Passwords hashes are dumped and cracked for use in the rest of the attack and to ensure the attacker can maintain a foothold and access other areas is required.\n\n','Poor passwords make for the easiest method to gain access to an organisation. Poor passwords are responsible for the majority of compromised networks. When any access is gained an attacker will attempt to collect the password hashes on compromised systems as passwords are often reused throughout the network.\n\n',NULL,'Once an attacker has administration rights on a computer/network there are only notification type controls to alert administrators to malicious activity. Host based IDS and Antivirus solutions would in some cases prevent and or alert to password attacks.\n\nRegular audit should be performed and to that a complex password policy is enforced. With a Windows there are a number of controls within the Local Security Policy -> Security Options that could be enabled to help secure the password values stored on windows systems.\n\nPasswords Must meet complexity \nDo not store LANMAN hash\n\n\n','2015-07-16 12:34:53','2015-07-16 12:34:53',10),(277,'Poor Patch Management \n','The system patch levels were found to be out of date.\n\n','Patch management is a key process in ensuring the security of all systems and its applications within the network. If a system is not patched with the most recent fixes in a timely manner, an attacker or automated worm/botnet/malware will automatically exploit the vulnerabilities.\n\nThis often leads to full administrator access, and is a launching point for additional attacks against other systems or applications within the network or other systems on the Internet which may bring <company name. not including pty ltd> liable for other compromised systems elsewhere on the internet.\n\n',NULL,'Patch management is a one of the three essential processes that are required to have a secure computing environment. To implement an effective patch management system requires creating a process for the Identification, Assessment, Remediation, Reporting, Improvement and Monitoring of security patches. A common mistake is to focus on Microsoft Software only but attention to the other software running should be applied as well (Adobe, Sun Java, etc.)\n\nThese processes are designed to keep the network up-to-date with the latest security patches in a timely manner. This will ensure that vulnerabilities associated with the systems are minimised.\n\n\n','2015-07-16 12:34:53','2015-07-16 12:34:53',10),(278,'SID Enumeration \n','The Windows domain controller allows SID enumeration to be performed.\n\n','An unauthenticated connection to the domain controller allows an attacker to gain read access to the contents of the user directory. This allows an attacker to gain sensitive information, including usernames and configuration information. Which then in turn is used to perform a brute-force attack against the discovered account names, or perform social engineering attacks with the information gathered.\n\n',NULL,'HackLabs recommends that SID connection methods be disabled on the server. This can be configured within the machines security policy under security options.\n\nPerform the following steps to disallow anonymous SID/Name translation: \n\nSTEP 1: Open the group policy editor focused on the appropriate object [Start] > [Run] and type \'mmc\' in the command windows. [File] > [Add/remove Snap in] > [Add] > scroll to and select [Group Policy Object Editor] > [Finish] > [Add] > [Close] > [OK]. If the server is a member of the domain, apply to the container of that server. If not a member of the domain, apply via the local security policy. \n\nSTEP 2: Navigate to the following subtree location: [Computer Configuration] > [Windows Settings] > [Security Settings] > [Local Policies] > [Security Options]. \n\nSTEP 3: <Double-click> on the security option labeled [Network access: Allow anonymous SID/Name translation]. \n\nSTEP 4: Select \'Disable\' \n\nSTEP 5: Click [OK].\n\n\n','2015-07-16 12:34:53','2015-07-16 12:34:53',10),(279,'Default SNMP Community Strings \n','Default SNMP strings were discovered in the environment.\n\n','Sensitive information can be gleaned from SNMP services, including accounts and services running. An attacker would be able to use the discovered account names to launch a password grinding attack the services running.\n\n',NULL,'We suggest disabling insecure SNMP services, failing that, more secure community names should be specified. SNMPv1 and SNMPv2 transmit their strings in clear text.\n\nWhere possible SNMPv3 should be used since it supports encryption.\n\n\n','2015-07-16 12:34:53','2015-07-16 12:34:53',10),(280,'Switch Behavior \n','During the testing, unusual switch behaviour was noticed.\n\n','If this vulnerability were to be successfully replicated by an attacker, then packet sniffing on all the hosts that are attached to the switch is possible.\n\n',NULL,'No known fixes for this are available. This may be a new vulnerability discovered by HackLabs.\n\n\n','2015-07-16 12:34:53','2015-07-16 12:34:53',10),(281,'Server Hardening \n','The ISA server currently has many services enabled and running indicating that server hardening has not occurred. \n\n','Failure to disable standard Windows services such as file sharing, NetBios and others increases the attack vectors and is not recommended on a device which is considered to be at additional risk such as a server in a DMZ role and participating in an internet enabled service. \n\n',NULL,'We recommend that the ISA servers have a full review and have the options disabled that are not required and only enable the services required for operation. This includes disabling any management and Remote desktop access to the ISA servers. \n\n\n','2015-07-16 12:34:53','2015-07-16 12:34:53',10),(282,'Remote File Sharing (DMZ Server) \n','The OWA servers currently have windows files sharing enabled. \n\n','Windows file sharing has many attack vectors and is not recommended on a device which is considered to be at additional risk such as a server in a DMZ role and participating in a internet enabled service. \n\n',NULL,'HackLabs Recommends that windows file sharing is disabled including the hidden administrative shares. This can also be performed by disabling NetBios on the network interface.\n\n\n','2015-07-16 12:34:53','2015-07-16 12:34:53',10),(283,'Insecure DNS Architecture \n','The DNS architecture is not setup to prevent DNS Tunneling attacks.\n\n','DNS is used to resolve domain names to IP addresses. If an organisation allows internal systems to resolve external domain names via DNS, even if it is through an internal DNS relay, then an attacker will be able to perform DNS Tunneling attacks in order to bypass outbound security controls, such as firewalls, authenticated proxies, and content filtering. This may be done by an internal user to gain unrestricted Internet access from the internal network. It may also be used by an attacker within the shellcode of an exploit to tunnel a command prompt out of the organisation and back to the attacker, allowing them to gain a strong foothold on the internal network.\n\n',NULL,'Split DNS architecture should be implemented where the internal DNS server does not have access to the external DNS relay. The internal DNS server resolves internal names, and the web proxies and mail relays will resolve external domains for HTTP, HTTPS, and SMTP.\n\n\n','2015-07-16 12:34:53','2015-07-16 12:34:53',10),(284,'Insecure Firewall Configuration \n','Unnecessary ports or services were allowed through the firewalls.\n\n','Firewalls should be configured so that their rules are locked down to only allow the production and management ports and services to and from each specific host via the firewall. Allowing unnecessary ports or services through the firewall introduces additional risk to the system and the environment. An attacker may be able to take advantage of these holes through the firewall if the system is compromised to either setup backdoor services, or to connect back to the attacker through open outbound ports. This increases the success rate for an exploit to be successful.\n\n',NULL,'Authenticated web proxies should be implemented to ensure that only authorised and authenticated users are able to gain access to the Internet. Outbound firewall rules should be locked down to prevent outbound tunnelling of data or connections.\n\n\n\n','2015-07-16 12:34:53','2015-07-16 12:34:53',10),(285,'NetBIOS Enumeration \n','NetBIOS is a simplistic protocol designed for the sharing of resources across a network of Windows based hosts. No authentication of any kind is required to view important information regarding other machines in a network.\n\n','A wealth of information can be gleaned from a server using NetBIOS. Information such as user names, password policy, and domain information can all be discovered. HackLabs successfully used simple techniques to glean important information from the target.\n\n',NULL,'Filter ports 135 and 139 at all perimeter firewalls and routers.\n\n\n','2015-07-16 12:34:53','2015-07-16 12:34:53',10),(286,'Gaining GUI Access \n','Gaining full GUI access using VNC\n\n','Using the VNC Server Weak Password Encryption Vulnerability (Bugtraq ID: 854) any user with access to the system registry can glean the password hash for the VNC service. Details of this vulnerability can be found in Appendix *. The code to decrypt the password is highly accessible on the Internet.\n\n',NULL,'Once an attacker has administration rights on a computer, there is very little that can be done in defence. The only action that can be taken to defend against this attack is to implement the preventative measures outlined in all of the findings for this host.\n\n\n','2015-07-16 12:34:53','2015-07-16 12:34:53',10),(287,'LDAP Anonymous Bind \n','The LDAP server allows an anonymous bind to occur.\n\n','An anonymous bind to an LDAP server allows a user to gain read access to the contents of the LDAP directory without authentication. This allows an attacker to gain a large amount of sensitive information, possibly including usernames and configuration information. This may allow a hacker to perform brute-force attacks against account names, or perform social engineering attacks using the information found.\n\n',NULL,'HackLabs recommends that LDAP Anonymous Binds be disabled on the server so that only authorised persons are able to access any sensitive information stored in the LDAP directory.\n\n\n','2015-07-16 12:34:53','2015-07-16 12:34:53',10),(288,'Weak Password Control \n','Weak passwords are configured for an account.\n\n','With domain accounts being able to access information on windows systems that are within the domain, a weak password configured for any one of these accounts allows an attacker to gain access to resources available to users in the network.\n\n',NULL,'Implement and enforce strict password policies. On Windows hosts, passwords should ideally be of either 7 or 14 characters long with a mixture of alphanumeric and non-alphanumeric characters. Logging and auditing of such authorisation attempts will help alert system administrators to Brute Force attacks.\n\n\n','2015-07-16 12:34:53','2015-07-16 12:34:53',10),(289,'Password Policy \n','Poor password control on *** domain.\n\n','With poor password control, guessing user passwords can be trivial for an attacker. This could lead to an attacker gaining a firm foothold inside the network without the need to compromise any hosts. Gaining the authentication details of several valid users on the system ensures that attacks in the system are hard to trace.\n\n',NULL,'Once an attacker has administration rights on a computer, there is very little that can be done in defence. The only action that can be taken to defend against this attack is to implement the preventative measures outlined in all of the findings for this host. In order to aid preventing other Brute Force attacks ensure that a complex password policy is enforced. With a Windows NT based host, the passwords should ideally be of either 7 or 14 characters long with a mixture of alphanumeric and non-alphanumeric characters. Logging and auditing of such authorisation attempts will help alert system administrators to such an attack.\n\n\n','2015-07-16 12:34:53','2015-07-16 12:34:53',10),(290,'Sensitive Data In System Cache \n','Unless directed otherwise, browsers store a local cached copy of content received from web servers. Some browsers, including Internet Explorer, cache content accessed via HTTPS. If sensitive information in application responses is stored in the local cache, then this may be retrieved by other users who have access to the same computer at a future time.\n\n','An attacker with access the machine (remote or local) can view sensitive information by viewing the browsers cache.\n\n',NULL,'The application should return caching directives instructing browsers not to store local copies of any sensitive data. Often, this can be achieved by configuring the web server to prevent caching for relevant paths within the web root. Alternatively, most web development platforms allow you to control the servers caching directives from within individual scripts. Ideally, the web server should return the following HTTP headers in all responses containing sensitive content: \n\nCache-control: no-store \nPragma: no-cache \n\n\n','2015-07-16 12:34:53','2015-07-16 12:34:53',10),(291,'Poor Patch Management \n','The system patch level was not found to be current.\n\n','Patch management is a crucial part of ensuring the security of all systems and applications within the network. If a system is not kept up-to-date with the most recent patch levels in a timely manner, an attacker may be able to exploit vulnerabilities within the system. This generally leads to full system access, as well as possibly allowing additional attacks against other systems or applications within the network to be carried out.\n\n',NULL,'Ensure that an effective patch management system is implemented within the network to ensure that all systems are kept up-to-date with the latest security patches in a timely manner. This will ensure that vulnerabilities associated with the systems are minimised, and the security of the network is kept to a high standard.\n\n\n','2015-07-16 12:34:53','2015-07-16 12:34:53',10),(292,'Gaining Access to System Password Hashes \n','pwdump2 is a very well known program that gleans the password hashes of the local machine.\n\n','Once all of the passwords from a system have been found, an attacker will attempt to use the passwords on other systems within the network.\n\n',NULL,'Once an attacker has administration rights on a computer, there is very little that can be done in defence. The only action that can be taken to defend against this attack is to implement the preventative measures outlined in all of the findings for this host. In order to aid preventing other Brute Force attacks ensure that a complex password policy is enforced. With a Windows NT based host, the passwords should ideally be of either 7 or 14 characters long with a mixture of alphanumeric and non-alphanumeric characters. Logging and auditing of such authorisation attempts will help alert system administrators to such an attack.\n\n\n\n','2015-07-16 12:34:53','2015-07-16 12:34:53',10),(293,'External Access Gained Through Proxy Server \n','Among other roles, Proxy servers provide a route through a network to the Internet for web browsing. These should have appropriate controls put in place to appropriately restrict access.\n\n','It is possible that a user may be able to access the Internet without any monitoring or control. Unrestricted access to the Internet contains many potential dangers. Users may post inappropriate information to news groups/forums from a company IP. This of course, would bring the good name of company in to disrepute.\n\n',NULL,'Place tight ACLs on all routes to the Internet.\n\n\n','2015-07-16 12:34:53','2015-07-16 12:34:53',10),(294,'Spanning Tree Protocol \n','Spanning Tree Protocol configuration was found to be insecure.\n\n','Spanning-Tree Protocol is a link management protocol that provides path redundancy while preventing undesirable loops in the network. For an Ethernet network to function properly, only one active path can exist between two stations. \nMultiple active paths between stations cause loops in the network. If a loop exists in the network topology, the potential exists for duplication of messages. When loops occur, some switches see stations appear on both sides of the switch. This condition confuses the forwarding algorithm and allows duplicate frames to be forwarded. \nIf not configured properly an attacker may have the ability to become the root path and capture all traffic on the segment. It is also possible to perform Denial of Service attacks in the segment if not configured securely.\n\n',NULL,'Use port security and disable STP in those ports that do not require STP. For information about port security, please check the following url: \nhttp://www.XYZ.com/en/US/products/hw/switches/ps628/products_configuration_guide_chapter09186a0080150bcd.html \nIf you are using the port-fast feature in your STP configuration, enable also the BPDU guard for avoiding these attacks when the port automatically enters the forwarding state:\nhttp://www.XYZ.com/warp/public/473/65.html \nUse the root guard feature for avoiding rogue devices to become root:\nhttp://www.XYZ.com/en/US/tech/tk389/tk621/technologies_tech_note09186a00800ae96b.shtml\n\n\n','2015-07-16 12:34:53','2015-07-16 12:34:53',10),(295,'Network Design and Equipment \n','The current design of the DMZ and the equipment used in the DMZ environment that the ISA servers are connecting to is not fit for purpose.\n\n','Having a poor network design compounded with insecure protocols running across the DMZ increases the likelihood of a system compromise. If a device in the DMZ is compromised, and connectivity to other devices exists, this could dramatically affect all devices in the DMZ in the event of a system compromise. \n\n',NULL,'We strongly recommend that the entire DMZ be hardened down to prevent communication of the servers to each other in the DMZ unless specifically required. We strongly recommend that the servers be either hardened or in the case of the Windows NT4 Servers retired to reduce the risk of DMZ compromise.\n\nThe network design should be reviewed and alternative for the ISA Servers be utilsed as the use of an old <company name. not including pty ltd> FastHub 400 does not seem to withstand a medium amount of traffic nor is it good practice to utilse a hub in a secure DMZ design.\n\n\n','2015-07-16 12:34:53','2015-07-16 12:34:53',10),(296,'Compaq Insight Manager Password Control \n','No password control on Compaq Insight Manager Installations.\n\n','An attacker is able to glean important information regarding the underlying Operating System of each host.\n\n',NULL,'Ensure that all instances of Compaq Insight Manager have the Administrator password of administrator changed.\n\n\n','2015-07-16 12:34:53','2015-07-16 12:34:53',10),(297,'Unlicensed Software \n','Commercial organisations should not be using unlicensed copies of software. In particular, it should not be actively bypassing licensing requirements.\n\n','The political, pubic and financial costs of being caught with unlicensed software can be significant. One slip of the tongue or a disgruntled employee could bring unwanted business attention. Also, the risk of viral infections is greatly enhanced when using pirated software.\n\n',NULL,'This program and all copies of it should be deleted. A review of the software audit procedures may be necessary, in addition to a review of the software procurement policies.\n\n\n','2015-07-16 12:34:53','2015-07-16 12:34:53',10),(298,'Printer Security \n','Modern printers are built around computers, allowing remote configuration, and update in addition to basic job control.\n\n','Allowing unauthorised access to printer configuration and diagnostic information provide additional unnecessary information (such print job histories) and nuisance value (users may forge documents).\n\n',NULL,'All printers should at least have basic security enabled.\n\n\n','2015-07-16 12:34:53','2015-07-16 12:34:53',10),(299,'Anonymous Enumeration \n','The Windows domain controller allows an anonymous enumeration to be performed.\n\n','An anonymous connection to the domain controller (the server) allows a user to gain read access to the contents of the user directory without authentication. This allows an attacker to gain a large amount of sensitive information, including usernames and configuration information. This allows a hacker to perform brute-force attacks against account names, or perform social engineering attacks using the information found.\n\n',NULL,'HackLabs recommends that anonymous connections be disabled on the server so that only authorised persons are able to access any sensitive information stored on the server. This can be configured within the local security policy under security options.\n\n\n','2015-07-16 12:34:53','2015-07-16 12:34:53',10),(300,'Novell Netware Enumeration \n','Novell Netware allows a large amount of information to be enumerated.\n\n','Novell Netware allows a large amount of information to be enumerated by both authenticated and unauthenticated users via features that are not security focused. This allows an attacker to gather information such as usernames, groups and servers, as well as the ability to dump a large portion of the NDS tree, including detailed object information. This may lead to the attacker being able to authenticate to a server, gaining access to a large amount of sensitive information, possibly gaining full control over the Novell servers.\n\n',NULL,'HackLabs recommend a number of recommendations for this vulnerability:\n* Minimise NDS tree browsing by adding an inheritance rights filter (IRF) to the root of the tree. Tree information is incredibly sensitive and should not be able to be browsed by anyone.\n* To prevent the enumeration of objects via the NetWare 5.x leak, remove Browse rights from the NDS object [Public] and restrict tree access to authenticated users. This may require login scripts to be updated to refer to servers by IP address or setup DNS entries for all server names.\nEnsure that a strong password policy is enforced throughout the organisation to ensure that passwords are not easily crackable. These passwords should be at least 7 characters, containing upper and lower case letters, numbers, and symbols. Also ensure that the Intruder Detection and Lockout feature has been enabled and configured for all users.* \n* Enforce restrictive rights on all volumes, directories, and files, as well as on all NDS objects, including Organisations, Organisational Units, servers, users, and so on.\nBy default, Netware has a large number of services running, including nine web-based services listening on ports 80, 81, 443, 2200, 2211, 8008, 8009, and 51443. All unnecessary services should be shutdown, or contained by tight ACLs, and all system and software versions should be kept up-to-date. This will ensure that the number of vulnerabilities associated with open services and software versions are minimised.* \n* Ensure that the Admin (or equivalent) user does not reside in the same container as generic users. These users passwords should be 17 characters or longer, since the most popular Netware cracking software can only crack passwords up to 16 characters long.\n* NCP Packet Signatures should be used to encrypt packets as they traverse the network and are a great addition to your internal security if your server can keep up with the extra workload of encrypting and decrypting all packets.\n\n\n','2015-07-16 12:34:53','2015-07-16 12:34:53',10),(301,'Personal Information Disclosure \n','This host contain numerous files, which are related to individual users business and not corporate activities.\n\n','Personal information being freely available on a servers hard drive rather that in a personal section of a secured file server opens up the user in question to various social engineering attacks. \n\n',NULL,'Using critical servers as workstations us not a recommended practice. Ensure that all personal files are erased from this host.','2015-07-16 12:34:53','2015-07-16 12:34:53',10);
/*!40000 ALTER TABLE `risk_template` ENABLE KEYS */;
UNLOCK TABLES;

--
-- Table structure for table `risks`
--

DROP TABLE IF EXISTS `risks`;
/*!40101 SET @saved_cs_client     = @@character_set_client */;
/*!40101 SET character_set_client = utf8 */;
CREATE TABLE `risks` (
  `id` int(11) NOT NULL AUTO_INCREMENT,
  `project_version_id` int(11) DEFAULT NULL,
  `status` varchar(20) NOT NULL,
  `subject` varchar(100) NOT NULL,
  `description` longtext,
  `impact` longtext,
  `detail` longtext,
  `recommendation` longtext,
  `host_url` tinytext,
  `reference_id` varchar(20) NOT NULL DEFAULT '',
  `regulation` int(11) DEFAULT NULL,
  `control_number` varchar(20) DEFAULT NULL,
  `location` int(11) DEFAULT NULL,
  `team` int(11) DEFAULT NULL,
  `technology` int(11) DEFAULT NULL,
  `owner` int(11) DEFAULT NULL,
  `manager` int(11) DEFAULT NULL,
  `assessment` longtext NOT NULL,
  `notes` longtext,
  `submission_date` datetime NOT NULL DEFAULT '0000-00-00 00:00:00',
  `last_update` datetime NOT NULL DEFAULT '0000-00-00 00:00:00',
  `review_date` datetime DEFAULT NULL,
  `mitigation_id` int(11) DEFAULT NULL,
  `mgmt_review` int(11) DEFAULT NULL,
  `close_id` int(11) DEFAULT NULL,
  `submitted_by` int(11) NOT NULL,
  PRIMARY KEY (`id`),
  UNIQUE KEY `id_UNIQUE` (`id`),
  KEY `fk_risks_project_version_idx` (`project_version_id`),
  KEY `fk_risks_closures_idx` (`close_id`),
  KEY `fk_risks_submitedby_idx` (`submitted_by`),
  KEY `fk_risks_location_idx` (`location`),
  KEY `fk_risks_team_idx` (`team`),
  KEY `fk_risks_technology_idx` (`technology`),
  KEY `fk_risks_owner_idx` (`owner`),
  KEY `fk_risks_manager_idx` (`manager`),
  KEY `fk_risks_mitigation_idx` (`mitigation_id`),
  KEY `fk_risks_mgmnt_review_idx` (`mgmt_review`),
  KEY `fk_risks_regulation_idx` (`regulation`),
  CONSTRAINT `fk_risks_closures` FOREIGN KEY (`close_id`) REFERENCES `closures` (`id`) ON DELETE SET NULL ON UPDATE CASCADE,
  CONSTRAINT `fk_risks_manager` FOREIGN KEY (`manager`) REFERENCES `user` (`value`) ON DELETE SET NULL ON UPDATE CASCADE,
  CONSTRAINT `fk_risks_owner` FOREIGN KEY (`owner`) REFERENCES `user` (`value`) ON DELETE SET NULL ON UPDATE CASCADE,
  CONSTRAINT `fk_risks_location` FOREIGN KEY (`location`) REFERENCES `location` (`value`) ON DELETE SET NULL ON UPDATE CASCADE,
  CONSTRAINT `fk_risks_mitigation` FOREIGN KEY (`mitigation_id`) REFERENCES `mitigations` (`id`) ON DELETE SET NULL ON UPDATE CASCADE,
  CONSTRAINT `fk_risks_mngmt_review` FOREIGN KEY (`mgmt_review`) REFERENCES `mgmt_reviews` (`id`) ON DELETE SET NULL ON UPDATE CASCADE,
  CONSTRAINT `fk_risks_project_version_id` FOREIGN KEY (`project_version_id`) REFERENCES `project_version` (`value`) ON DELETE CASCADE ON UPDATE CASCADE,
  CONSTRAINT `fk_risks_regulation` FOREIGN KEY (`regulation`) REFERENCES `regulation` (`value`) ON DELETE SET NULL ON UPDATE CASCADE,
  CONSTRAINT `fk_risks_submitedby` FOREIGN KEY (`submitted_by`) REFERENCES `user` (`value`) ON DELETE NO ACTION ON UPDATE CASCADE,
  CONSTRAINT `fk_risks_team` FOREIGN KEY (`team`) REFERENCES `team` (`value`) ON DELETE SET NULL ON UPDATE CASCADE,
  CONSTRAINT `fk_risks_technology` FOREIGN KEY (`technology`) REFERENCES `technology` (`value`) ON DELETE SET NULL ON UPDATE CASCADE
) ENGINE=InnoDB AUTO_INCREMENT=21 DEFAULT CHARSET=utf8;
/*!40101 SET character_set_client = @saved_cs_client */;

--
-- Dumping data for table `risks`
--

LOCK TABLES `risks` WRITE;
/*!40000 ALTER TABLE `risks` DISABLE KEYS */;
/*!40000 ALTER TABLE `risks` ENABLE KEYS */;
UNLOCK TABLES;

--
-- Table structure for table `sessions`
--

DROP TABLE IF EXISTS `sessions`;
/*!40101 SET @saved_cs_client     = @@character_set_client */;
/*!40101 SET character_set_client = utf8 */;
CREATE TABLE `sessions` (
  `id` varchar(32) NOT NULL,
  `access` int(10) unsigned DEFAULT NULL,
  `data` text,
  PRIMARY KEY (`id`)
) ENGINE=InnoDB DEFAULT CHARSET=utf8;
/*!40101 SET character_set_client = @saved_cs_client */;

--
-- Dumping data for table `sessions`
--

LOCK TABLES `sessions` WRITE;
/*!40000 ALTER TABLE `sessions` DISABLE KEYS */;
INSERT INTO `sessions` VALUES ('3b5d8bf95f4bb6fc200aa3fadb118010',1437462639,'uid|s:1:\"1\";user|s:5:\"admin\";type|s:1:\"1\";company|s:1:\"0\";name|s:5:\"Admin\";admin|s:1:\"1\";review_critical|s:1:\"1\";review_high|s:1:\"1\";review_medium|s:1:\"1\";review_low|s:1:\"1\";submit_risks|s:1:\"1\";modify_risks|s:1:\"1\";close_risks|s:1:\"1\";plan_mitigations|s:1:\"1\";user_type|s:1:\"1\";lang|s:2:\"en\";access|s:7:\"granted\";LAST_ACTIVITY|i:1437462639;CREATED|i:1437462633;workflow_start|s:37:\"/r2ms/management/plan_mitigations.php\";');
/*!40000 ALTER TABLE `sessions` ENABLE KEYS */;
UNLOCK TABLES;

--
-- Table structure for table `settings`
--

DROP TABLE IF EXISTS `settings`;
/*!40101 SET @saved_cs_client     = @@character_set_client */;
/*!40101 SET character_set_client = utf8 */;
CREATE TABLE `settings` (
  `name` varchar(20) NOT NULL,
  `value` varchar(40) NOT NULL,
  PRIMARY KEY (`name`)
) ENGINE=InnoDB DEFAULT CHARSET=utf8;
/*!40101 SET character_set_client = @saved_cs_client */;

--
-- Dumping data for table `settings`
--

LOCK TABLES `settings` WRITE;
/*!40000 ALTER TABLE `settings` DISABLE KEYS */;
INSERT INTO `settings` VALUES ('db_version','20140413-001'),('risk_model','6');
/*!40000 ALTER TABLE `settings` ENABLE KEYS */;
UNLOCK TABLES;

--
-- Table structure for table `team`
--

DROP TABLE IF EXISTS `team`;
/*!40101 SET @saved_cs_client     = @@character_set_client */;
/*!40101 SET character_set_client = utf8 */;
CREATE TABLE `team` (
  `value` int(11) NOT NULL AUTO_INCREMENT,
  `name` varchar(50) NOT NULL,
  PRIMARY KEY (`value`),
  UNIQUE KEY `value_UNIQUE` (`value`)
) ENGINE=InnoDB AUTO_INCREMENT=16 DEFAULT CHARSET=utf8;
/*!40101 SET character_set_client = @saved_cs_client */;

--
-- Dumping data for table `team`
--

LOCK TABLES `team` WRITE;
/*!40000 ALTER TABLE `team` DISABLE KEYS */;
INSERT INTO `team` VALUES (1,'Branch Management'),(2,'Collaboration'),(3,'Data Center & Storage'),(4,'Database'),(5,'Information Security'),(6,'IT Systems Management'),(7,'Network'),(8,'Unix'),(9,'Web Systems'),(10,'Windows'),(13,'Marketing'),(14,'Security Pentesting'),(15,'Security Audit');
/*!40000 ALTER TABLE `team` ENABLE KEYS */;
UNLOCK TABLES;

--
-- Table structure for table `technology`
--

DROP TABLE IF EXISTS `technology`;
/*!40101 SET @saved_cs_client     = @@character_set_client */;
/*!40101 SET character_set_client = utf8 */;
CREATE TABLE `technology` (
  `value` int(11) NOT NULL AUTO_INCREMENT,
  `name` varchar(50) NOT NULL,
  PRIMARY KEY (`value`),
  UNIQUE KEY `value_UNIQUE` (`value`)
) ENGINE=InnoDB AUTO_INCREMENT=23 DEFAULT CHARSET=utf8;
/*!40101 SET character_set_client = @saved_cs_client */;

--
-- Dumping data for table `technology`
--

LOCK TABLES `technology` WRITE;
/*!40000 ALTER TABLE `technology` DISABLE KEYS */;
INSERT INTO `technology` VALUES (1,'All'),(2,'Anti-Virus'),(3,'Backups'),(4,'Blackberry'),(5,'Citrix'),(6,'Datacenter'),(7,'Mail Routing'),(8,'Live Collaboration'),(9,'Messaging'),(10,'Mobile'),(11,'Network'),(12,'Power'),(13,'Remote Access'),(14,'SAN'),(15,'Telecom'),(16,'Unix'),(17,'VMWare'),(18,'Web'),(19,'Windows'),(20,''),(21,'Mobile iOS'),(22,'Mobile Android');
/*!40000 ALTER TABLE `technology` ENABLE KEYS */;
UNLOCK TABLES;

--
-- Table structure for table `typeuser`
--

DROP TABLE IF EXISTS `typeuser`;
/*!40101 SET @saved_cs_client     = @@character_set_client */;
/*!40101 SET character_set_client = utf8 */;
CREATE TABLE `typeuser` (
  `value` int(11) NOT NULL AUTO_INCREMENT,
  `name` varchar(45) NOT NULL,
  PRIMARY KEY (`value`),
  UNIQUE KEY `value_UNIQUE` (`value`)
) ENGINE=InnoDB AUTO_INCREMENT=3 DEFAULT CHARSET=utf8;
/*!40101 SET character_set_client = @saved_cs_client */;

--
-- Dumping data for table `typeuser`
--

LOCK TABLES `typeuser` WRITE;
/*!40000 ALTER TABLE `typeuser` DISABLE KEYS */;
INSERT INTO `typeuser` VALUES (1,'HackLabs Staff'),(2,'HackLabs Client');
/*!40000 ALTER TABLE `typeuser` ENABLE KEYS */;
UNLOCK TABLES;

--
-- Table structure for table `user`
--

DROP TABLE IF EXISTS `user`;
/*!40101 SET @saved_cs_client     = @@character_set_client */;
/*!40101 SET character_set_client = utf8 */;
CREATE TABLE `user` (
  `value` int(11) NOT NULL AUTO_INCREMENT,
  `company_id` int(10) NOT NULL,
  `enabled` tinyint(1) NOT NULL DEFAULT '1',
  `type` int(11) NOT NULL DEFAULT '1',
  `username` varchar(20) NOT NULL,
  `name` varchar(50) NOT NULL,
  `email` varchar(200) NOT NULL,
  `salt` varchar(20) DEFAULT NULL,
  `password` binary(60) NOT NULL,
  `identityyubico` varchar(60) DEFAULT NULL,
  `last_login` datetime NOT NULL,
  `teams` varchar(200) NOT NULL DEFAULT 'none',
  `lang` varchar(2) DEFAULT NULL,
  `admin` tinyint(1) NOT NULL DEFAULT '0',
  `review_critical` tinyint(1) NOT NULL DEFAULT '0',
  `review_high` tinyint(1) NOT NULL DEFAULT '0',
  `review_medium` tinyint(1) NOT NULL DEFAULT '0',
  `review_low` tinyint(1) NOT NULL DEFAULT '0',
  `submit_risks` tinyint(1) NOT NULL DEFAULT '0',
  `modify_risks` tinyint(1) NOT NULL DEFAULT '0',
  `plan_mitigations` tinyint(1) NOT NULL DEFAULT '0',
  `close_risks` tinyint(1) NOT NULL DEFAULT '1',
  `multi_factor` int(11) NOT NULL DEFAULT '1',
  PRIMARY KEY (`value`),
  UNIQUE KEY `value_UNIQUE` (`value`),
  KEY `fk_user_typeuser_idx` (`type`),
  CONSTRAINT `fk_user_typeuser` FOREIGN KEY (`type`) REFERENCES `typeuser` (`value`) ON UPDATE CASCADE
) ENGINE=InnoDB AUTO_INCREMENT=11 DEFAULT CHARSET=utf8;
/*!40101 SET character_set_client = @saved_cs_client */;

--
-- Dumping data for table `user`
--

LOCK TABLES `user` WRITE;
/*!40000 ALTER TABLE `user` DISABLE KEYS */;
INSERT INTO `user` VALUES (1,0,1,1,'admin','Admin','user@example.com','sAbwTbIFywWKcheyQw9a','$2a$15$7b2601b4979b1ad031b2fuqf1XkeSa4iNxsHK27tq5Va2jLhzkShW','ccccccbhlugn','2015-07-21 16:50:18',':1::2::3::4::5::6::7::8::9::10::13::14::15:','en',1,1,1,1,1,1,1,1,1,1),(5,0,1,1,'david','David ZL','david@hacklabs.com','dzWSQRRfI7mtSyrgji1z','$2a$15$8782d1326f1e51991cf56O8JbHQNwR7moM5e4Ow0xR4Iv.5dHVdZ.','ccccccbhlugn','2015-07-21 11:09:32','all',NULL,0,0,1,1,1,1,1,0,1,1);
/*!40000 ALTER TABLE `user` ENABLE KEYS */;
UNLOCK TABLES;

--
-- Dumping events for database 'r2ms'
--

--
-- Dumping routines for database 'r2ms'
--
/*!40103 SET TIME_ZONE=@OLD_TIME_ZONE */;

/*!40101 SET SQL_MODE=@OLD_SQL_MODE */;
/*!40014 SET FOREIGN_KEY_CHECKS=@OLD_FOREIGN_KEY_CHECKS */;
/*!40014 SET UNIQUE_CHECKS=@OLD_UNIQUE_CHECKS */;
/*!40101 SET CHARACTER_SET_CLIENT=@OLD_CHARACTER_SET_CLIENT */;
/*!40101 SET CHARACTER_SET_RESULTS=@OLD_CHARACTER_SET_RESULTS */;
/*!40101 SET COLLATION_CONNECTION=@OLD_COLLATION_CONNECTION */;
/*!40111 SET SQL_NOTES=@OLD_SQL_NOTES */;

-- Dump completed on 2015-07-21 17:16:31
